Link,Locus,Consensus.RSID,Consensus.ID,CredSet.RSID,Total.size,GWAS.nom.sig.size,GWAS.sig.size,CredSet.size,Consensus.size,GWAS.lead_Consensus,psychENCODE_eQTL.sig_Consensus,Fairfax_2014_CD14.sig_Consensus,Fairfax_2014_IFN.sig_Consensus,Fairfax_2014_LPS2.sig_Consensus,Fairfax_2014_LPS24.sig_Consensus,Cardiogenics_macrophages.sig_Consensus,Cardiogenics_monocytes.sig_Consensus,MESA_CAU.sig_Consensus,GWAS.lead_CredSet,psychENCODE_eQTL.sig_CredSet,Fairfax_2014_CD14.sig_CredSet,Fairfax_2014_IFN.sig_CredSet,Fairfax_2014_LPS2.sig_CredSet,Fairfax_2014_LPS24.sig_CredSet,Cardiogenics_macrophages.sig_CredSet,Cardiogenics_monocytes.sig_CredSet,MESA_CAU.sig_CredSet,ABF.PP,SUSIE.PP,POLYFUN_SUSIE.PP,FINEMAP.PP,mean.PP,QTL.count,Effect,psychENCODE_eQTL.Effect,Fairfax_2014_CD14.Effect,Fairfax_2014_IFN.Effect,Fairfax_2014_LPS2.Effect,Fairfax_2014_LPS24.Effect,Cardiogenics_macrophages.Effect,Cardiogenics_monocytes.Effect,MESA_CAU.Effect,MAF,mean.PP_avg,QTL.count_avg,Novel.Locus,GWAS.lead_Consensus.any,GWAS.lead_CredSet.any
https://github.com/RajLabMSSM/Fine_Mapping/blob/master/Data/GWAS/Nalls23andMe_2019/RIMS1/Multi-finemap/RIMS1_ggbio.png,RIMS1,rs66472504,6:72489955,"rs12528068, rs140912432, rs4492162, rs66472504, rs6930079, rs72924843",3224,874,5,6,1,N,N,N,N,N,N,N,N,N,"Y, N, N, N, N, N","N, N, N, N, N, N","N, N, N, N, N, N","N, N, N, N, N, N","N, N, N, N, N, N","N, N, N, N, N, N","N, N, N, N, N, N","N, N, N, N, N, N","N, N, N, N, N, N",0.24,1,1,0,0.56,0,-0.066,NA,0.067,0.042,-0.062,0.121,NA,NA,NA,0.284,0.560036918904579,0,Y,FALSE,TRUE
https://github.com/RajLabMSSM/Fine_Mapping/blob/master/Data/GWAS/Nalls23andMe_2019/MEX3C/Multi-finemap/MEX3C_ggbio.png,MEX3C,rs1893379,18:48718536,"rs11082860, rs118180581, rs145349227, rs1893379, rs2008987, rs4939656, rs62092949",2397,313,16,7,1,N,N,Y,Y,N,N,N,N,Y,"N, N, N, N, N, N, N","N, N, N, N, N, N, N","Y, N, N, Y, Y, Y, N","Y, N, N, Y, Y, Y, N","N, N, N, N, N, N, N","N, N, N, N, N, N, N","N, N, N, N, N, N, N","N, N, N, N, N, N, N","Y, N, N, Y, Y, Y, Y",0.039,1,1,1,0.76,3,0.056,0.053,-0.432,-0.449,-0.362,-0.194,0.455,0.41,-0.074,0.454,0.759727224010936,3,Y,FALSE,FALSE
https://github.com/RajLabMSSM/Fine_Mapping/blob/master/Data/GWAS/Nalls23andMe_2019/FBRSL1/Multi-finemap/FBRSL1_ggbio.png,FBRSL1,rs11147167,12:133055192,"rs10781665, rs11147167, rs11610045, rs35318451, rs36098511, rs3764049, rs4396355, rs4883585, rs7315900, rs79455332",3178,549,2,10,1,N,N,N,N,N,N,N,N,N,"N, N, Y, N, N, N, N, N, N, N","N, N, N, N, N, N, N, N, N, N","N, N, N, N, N, N, N, N, N, N","N, N, N, N, N, N, N, N, N, N","N, N, N, N, N, N, N, N, N, N","N, N, N, N, N, N, N, N, N, N","N, N, N, N, N, N, N, N, N, N","N, N, N, N, N, N, N, N, N, N","N, N, N, N, N, N, N, N, N, N",0,1,0,1,0.5,0,-0.051,NA,NA,NA,NA,NA,NA,NA,NA,0.367,0.500083822481503,0,Y,FALSE,TRUE
https://github.com/RajLabMSSM/Fine_Mapping/blob/master/Data/GWAS/Nalls23andMe_2019/TRIM40/Multi-finemap/TRIM40_ggbio.png,TRIM40,rs3132558,6:31105466,"rs116302426, rs116559107, rs1265093, rs1265096, rs139847598, rs149854937, rs2233952, rs2471863, rs2517910, rs3132558",2264,223,0,10,1,N,N,N,N,N,N,N,N,N,"N, N, N, N, N, N, N, N, N, N","N, N, N, N, N, N, N, N, N, N","N, N, N, N, N, N, N, N, N, N","N, N, N, N, N, N, N, N, N, N","N, N, N, N, N, N, N, N, N, N","N, N, N, N, N, N, N, N, N, N","N, N, N, N, N, N, N, N, N, N","N, N, N, N, N, N, N, N, N, N","N, N, N, N, N, N, N, N, N, N",0,0,0,0,0,0,0.056,NA,-0.064,-0.003,0.01,0.182,-0.276,0.332,NA,0.252,0,0,Y,FALSE,FALSE
https://github.com/RajLabMSSM/Fine_Mapping/blob/master/Data/GWAS/Nalls23andMe_2019/DYRK1A/Multi-finemap/DYRK1A_ggbio.png,DYRK1A,rs2248244,21:38852361,"rs11088398, rs11701836, rs2248244, rs2835757, rs2835763, rs2835767, rs2835785, rs2835786, rs9984150",3044,723,51,9,1,Y,N,N,N,N,N,N,N,N,"N, N, Y, N, N, N, N, N, N","N, N, N, N, N, N, N, N, N","N, N, N, N, N, N, Y, N, N","N, N, N, N, N, N, N, N, N","N, N, N, N, N, N, N, N, N","N, N, N, N, N, N, N, N, N","N, N, N, N, N, N, N, N, N","N, N, N, N, N, N, N, N, N","N, N, N, N, N, N, N, N, N",0.128,0.148,1,1,0.569,0,0.071,NA,0.384,-0.146,0.164,0.159,NA,0.291,0.021,0.283,0.569073263973827,0,Y,TRUE,TRUE
https://github.com/RajLabMSSM/Fine_Mapping/blob/master/Data/GWAS/Nalls23andMe_2019/MBNL2/Multi-finemap/MBNL2_ggbio.png,MBNL2,rs4771268,13:97865021,"rs2282423, rs3902523, rs4238207, rs4771267, rs4771268, rs4771988, rs60830598, rs61972567, rs7329296, rs75869799, rs79184692, rs9300398",2215,427,7,12,1,Y,N,N,N,N,N,N,N,N,"N, N, N, N, Y, N, N, N, N, N, N, N","N, N, N, N, N, N, N, N, N, N, N, N","N, N, N, N, N, N, N, N, N, N, N, N","N, N, N, N, N, N, N, N, N, N, N, N","N, N, N, N, N, N, N, N, N, N, N, N","N, N, N, N, N, N, N, N, N, N, N, N","N, N, N, N, N, N, N, N, N, N, N, N","N, N, N, N, N, N, N, N, N, N, N, N","N, N, N, N, N, N, N, N, N, N, N, N",0.598,1,0,1,0.65,0,0.068,NA,0.086,0.141,-0.074,0.201,NA,NA,-0.032,0.23,0.649613105560784,0,Y,TRUE,TRUE
https://github.com/RajLabMSSM/Fine_Mapping/blob/master/Data/GWAS/Nalls23andMe_2019/VPS13C/Multi-finemap/VPS13C_ggbio.png,VPS13C,"rs2248032, rs2248041","15:61995237, 15:61995285","rs2248032, rs2248041",2818,403,47,2,2,"N, N","N, N","N, N","N, N","N, N","N, N","N, N","N, N","N, N","N, N","N, N","N, N","N, N","N, N","N, N","N, N","N, N","N, N","0.082, 0.184","1, 1","1, 1","1, 0","0.771, 0.546","0, 0","0.116, -0.118","NA, NA","-0.057, -0.057","0.134, 0.134","-0.281, -0.281","0.141, 0.141","NA, NA","NA, NA","NA, 0.012","0.142, 0.141",0.658309598722322,0,N,FALSE,FALSE
https://github.com/RajLabMSSM/Fine_Mapping/blob/master/Data/GWAS/Nalls23andMe_2019/ELOVL7/Multi-finemap/ELOVL7_ggbio.png,ELOVL7,"rs2694528, rs76281741","5:60273923, 5:60278724","rs10062465, rs139392063, rs2694528, rs76281741, rs78406720, rs78620886",2322,995,233,6,2,"N, N","N, N","N, N","N, N","N, N","N, N","N, N","N, N","N, N","N, N, N, N, N, N","N, N, N, N, N, N","N, N, N, N, N, N","N, N, N, N, N, N","N, N, N, N, N, N","N, N, N, N, N, N","N, N, N, N, N, N","N, N, N, N, N, N","N, N, N, N, N, N","0.078, 0.078","1, 1","1, 1","0, 1","0.519, 0.769","0, 0","-0.153, 0.153","0.095, 0.095","-0.077, -0.077","-0.058, -0.058","0.189, 0.189","0.183, 0.183","NA, NA","-0.453, NA","NA, NA","0.098, 0.098",0.644443590088157,0,N,FALSE,FALSE
https://github.com/RajLabMSSM/Fine_Mapping/blob/master/Data/GWAS/Nalls23andMe_2019/LINC00693/Multi-finemap/LINC00693_ggbio.png,LINC00693,"rs2371337, rs7617877","3:28708340, 3:28705764","rs2371337, rs6765744, rs6808178, rs73048800, rs7617877, rs7630267",2499,334,6,6,2,"N, N","N, N","N, N","N, N","N, N","N, N","N, N","N, N","N, N","N, N, Y, N, N, N","N, N, N, N, N, N","N, N, N, N, N, N","N, N, N, N, N, N","N, N, N, N, N, N","N, N, N, N, N, N","N, N, N, N, N, N","N, N, N, N, N, N","N, N, N, N, N, N","0.003, 0","1, 1","1, 1","1, 0","0.751, 0.5","0, 0","-0.06, 0.048","-0.081, NA","NA, NA","NA, NA","NA, NA","NA, NA","NA, NA","NA, NA","NA, NA","0.357, 0.351",0.62537652246306,0,Y,FALSE,TRUE
https://github.com/RajLabMSSM/Fine_Mapping/blob/master/Data/GWAS/Nalls23andMe_2019/SCAF11/Multi-finemap/SCAF11_ggbio.png,SCAF11,"rs11183291, rs11183293","12:46422545, 12:46423259","rs11183291, rs11183293, rs143852584, rs6582585, rs6582588, rs7134559",2080,503,1,6,2,"N, N","N, N","N, N","N, N","N, N","N, N","N, N","N, N","N, N","N, N, N, N, N, Y","N, N, N, N, N, N","N, N, N, N, N, N","N, N, N, N, N, N","N, N, N, N, N, N","N, N, N, N, N, N","N, N, N, N, N, N","N, N, N, N, N, N","N, N, N, N, N, N","0.065, 0.058","1, 1","1, 1","1, 0","0.766, 0.515","0, 0","0.054, -0.053","NA, NA","NA, NA","NA, NA","NA, NA","NA, NA","NA, NA","NA, NA","NA, 0","0.379, 0.379",0.640463885154234,0,Y,FALSE,TRUE
https://github.com/RajLabMSSM/Fine_Mapping/blob/master/Data/GWAS/Nalls23andMe_2019/PAM/Multi-finemap/PAM_ggbio.png,PAM,"rs4386712, rs58344084","5:102369234, 5:102378212","rs1011454, rs141881307, rs26431, rs4386712, rs565030289, rs58344084, rs7709726",2435,971,188,7,2,"N, N","Y, Y","Y, Y","N, N","N, N","N, N","N, N","N, N","Y, Y","N, N, Y, N, N, N, N","N, N, N, Y, N, Y, N","Y, N, Y, Y, N, Y, Y","N, N, N, N, N, N, N","N, N, N, N, N, N, N","N, N, N, N, N, N, N","N, N, N, N, N, N, N","N, N, N, N, N, N, N","Y, N, N, Y, N, Y, Y","0.009, 0.01","1, 1","1, 1","0, 0","0.502, 0.502","3, 3","0.06, -0.06","0.247, 0.25","0.705, 0.705","0.01, 0.01","0.247, 0.247","-0.251, -0.251","-0.312, -0.312","-0.713, -0.714","0.386, 0.386","0.294, 0.294",0.502420242184827,3,Y,FALSE,TRUE
https://github.com/RajLabMSSM/Fine_Mapping/blob/master/Data/GWAS/Nalls23andMe_2019/GS1-124K5.11/Multi-finemap/GS1-124K5.11_ggbio.png,GS1-124K5.11,"rs62465432, rs62467767","7:66001356, 7:66038682","rs117791557, rs12538350, rs62465432, rs62466588, rs62466596, rs62467421, rs62467767",2844,1114,1,7,2,"N, N","N, Y","N, N","N, N","N, N","N, N","N, N","N, N","N, N","N, N, N, N, N, N, N","Y, Y, N, Y, Y, Y, Y","N, N, N, N, N, N, N","N, N, N, N, N, N, N","N, N, N, N, N, N, N","N, N, N, N, N, N, N","N, N, N, N, N, N, N","N, N, N, N, N, N, N","N, N, N, N, N, N, N","0.01, 0.007","1, 1","1, 1","0, 0","0.503, 0.502","0, 1","-0.159, 0.155","NA, 0.467","NA, NA","NA, NA","NA, NA","NA, NA","1.032, 1.036","0.934, 0.933","NA, NA","0.039, 0.04",0.502110570247454,0.5,Y,FALSE,FALSE
https://github.com/RajLabMSSM/Fine_Mapping/blob/master/Data/GWAS/Nalls23andMe_2019/KPNA1/Multi-finemap/KPNA1_ggbio.png,KPNA1,"rs4585137, rs73190142","3:122226160, 3:122201610","rs143738711, rs151196731, rs16833080, rs4585137, rs55857899, rs55911744, rs55961674, rs73190142",2803,471,47,8,2,"N, N","Y, Y","N, N","N, N","N, N","N, N","N, N","N, N","N, N","N, N, N, N, N, N, Y, N","N, N, N, Y, Y, Y, Y, Y","N, N, N, N, N, N, N, N","N, N, N, N, N, N, N, N","N, N, N, N, N, N, N, N","N, N, N, N, N, N, N, N","N, N, N, N, N, N, N, N","N, N, N, N, N, N, N, N","N, N, N, N, N, N, N, N","0.038, 0.057","1, 1","0.992, 1","0, 0","0.507, 0.514","1, 1","-0.085, 0.085","0.227, 0.226","0.46, 0.46","0.464, 0.464","0.383, 0.383","0.423, 0.423","-0.372, -0.388","0.331, 0.335","NA, NA","0.162, 0.161",0.510866314072858,1,Y,FALSE,TRUE
https://github.com/RajLabMSSM/Fine_Mapping/blob/master/Data/GWAS/Nalls23andMe_2019/SH3GL2/Multi-finemap/SH3GL2_ggbio.png,SH3GL2,"rs10435770, rs7030014","9:17581168, 9:17581661","rs10435770, rs10756899, rs10756905, rs10810835, rs1536072, rs7030014, rs71504869, rs8181077",3702,968,103,8,2,"N, N","N, N","N, N","N, N","N, N","N, N","N, N","N, N","N, N","N, N, N, N, N, N, N, N","N, Y, Y, Y, Y, N, N, N","N, N, N, N, N, N, N, N","N, N, N, N, N, N, N, N","N, N, N, N, N, N, N, N","N, N, N, N, N, N, N, N","N, N, N, N, N, N, N, N","N, N, N, N, N, N, N, N","N, N, N, N, N, N, N, N","0.05, 0.046","1, 1","1, 1","0, 0","0.512, 0.511","0, 0","0.083, -0.083","NA, NA","-0.014, -0.014","-0.048, -0.048","-0.04, -0.04","-0.096, -0.096","NA, NA","NA, NA","NA, NA","0.334, 0.334",0.511913302294843,0,N,FALSE,FALSE
https://github.com/RajLabMSSM/Fine_Mapping/blob/master/Data/GWAS/Nalls23andMe_2019/DNAH17/Multi-finemap/DNAH17_ggbio.png,DNAH17,"rs650889, rs72914899","17:76424306, 17:76423674","rs11077365, rs138039551, rs55972203, rs56246296, rs56716368, rs650889, rs666463, rs692010, rs72903322, rs72914899",3663,523,80,10,2,"N, N","Y, Y","N, N","N, N","N, N","N, N","N, N","N, N","N, N","N, N, N, N, N, N, Y, N, N, N","Y, N, N, N, Y, Y, Y, N, Y, Y","N, N, N, N, N, N, N, N, N, N","N, N, N, N, N, N, N, N, N, N","N, N, N, N, N, N, N, N, N, N","N, N, N, N, N, N, N, N, N, N","N, N, N, N, N, N, N, N, N, N","N, N, N, N, N, N, N, N, N, N","N, N, N, N, N, N, N, N, N, N","0.02, 0.017","1, 1","1, 1","0, 0","0.505, 0.504","1, 1","0.074, -0.074","-0.195, -0.196","-0.012, -0.012","0.046, 0.046","-0.107, -0.107","-0.261, -0.261","NA, NA","0.315, 0.316","NA, NA","0.172, 0.172",0.504630495831094,1,Y,FALSE,TRUE
https://github.com/RajLabMSSM/Fine_Mapping/blob/master/Data/GWAS/Nalls23andMe_2019/CASC16/Multi-finemap/CASC16_ggbio.png,CASC16,"rs3104781, rs45500599","16:52634000, 16:52632897","rs1362547, rs3104774, rs3104781, rs3104783, rs3104784, rs3112609, rs3112625, rs34928352, rs35850695, rs45500599",2847,861,149,10,2,"N, N","N, N","N, N","N, N","N, N","N, N","N, N","N, N","N, N","N, N, N, Y, N, N, N, N, N, N","N, N, N, N, N, N, N, N, N, N","N, N, N, N, N, N, N, N, N, N","N, N, N, N, N, N, N, N, N, N","N, N, N, N, N, N, N, N, N, N","N, N, N, N, N, N, N, N, N, N","N, N, N, N, N, N, N, N, N, N","N, N, N, N, N, N, N, N, N, N","N, N, N, N, N, N, N, N, N, N","0.024, 0.018","1, 1","1, 0.998","0, 0","0.506, 0.504","0, 0","0.066, 0.066","NA, NA","-0.197, -0.197","-0.155, -0.155","-0.028, -0.028","-0.013, -0.013","NA, NA","NA, NA","0.021, -0.021","0.434, 0.435",0.505023203663725,0,N,FALSE,TRUE
https://github.com/RajLabMSSM/Fine_Mapping/blob/master/Data/GWAS/Nalls23andMe_2019/CHD9/Multi-finemap/CHD9_ggbio.png,CHD9,"rs3104781, rs45500599","16:52634000, 16:52632897","rs1362547, rs3104774, rs3104781, rs3104783, rs3104784, rs3112609, rs3112625, rs34928352, rs35850695, rs45500599",2760,806,149,10,2,"N, N","N, N","N, N","N, N","N, N","N, N","N, N","N, N","N, N","N, N, N, N, N, N, N, N, N, N","N, N, N, N, N, N, N, N, N, N","N, N, N, N, N, N, N, N, N, N","N, N, N, N, N, N, N, N, N, N","N, N, N, N, N, N, N, N, N, N","N, N, N, N, N, N, N, N, N, N","N, N, N, N, N, N, N, N, N, N","N, N, N, N, N, N, N, N, N, N","N, N, N, N, N, N, N, N, N, N","0.024, 0.018","1, 1","1, 0.998","0, 0","0.506, 0.504","0, 0","0.066, 0.066","NA, NA","-0.197, -0.197","-0.155, -0.155","-0.028, -0.028","-0.013, -0.013","NA, NA","NA, NA","0.021, -0.021","0.434, 0.435",0.505023203661685,0,N,FALSE,FALSE
https://github.com/RajLabMSSM/Fine_Mapping/blob/master/Data/GWAS/Nalls23andMe_2019/LCORL/Multi-finemap/LCORL_ggbio.png,LCORL,"rs13152352, rs7697634","4:17976846, 4:17966746","rs111947851, rs12500636, rs13125804, rs13152352, rs35210497, rs57491254, rs6810665, rs6835186, rs76844983, rs7697634",2841,557,183,10,2,"N, N","N, N","N, N","N, N","N, N","N, N","N, N","N, N","N, N","N, N, N, N, N, N, N, N, N, N","N, N, N, N, N, N, N, N, N, N","N, N, N, N, N, N, N, N, N, N","N, N, N, N, N, N, N, N, N, N","N, N, N, N, N, N, N, N, N, N","N, N, N, N, N, N, N, N, N, N","N, N, N, N, N, N, N, N, N, N","N, N, N, N, N, N, N, N, N, N","N, N, N, N, N, N, N, N, N, N","0.012, 0.011","1, 1","1, 1","0, 0","0.503, 0.503","0, 0","-0.082, 0.082","NA, NA","0.006, 0.006","-0.165, -0.165","-0.145, -0.145","0.183, 0.183","NA, NA","NA, NA","-0.043, -0.044","0.163, 0.163",0.502845070434302,0,Y,FALSE,FALSE
https://github.com/RajLabMSSM/Fine_Mapping/blob/master/Data/GWAS/Nalls23andMe_2019/ASXL3/Multi-finemap/ASXL3_ggbio.png,ASXL3,"rs1941684, rs1941685","18:31304421, 18:31304318","rs1941684, rs1941685, rs4799708, rs73955139, rs73955193, rs8091920",2238,744,5,6,2,"N, Y","N, N","N, N","N, N","N, N","N, N","N, N","N, N","N, N","N, Y, N, N, N, N","N, N, N, N, N, N","N, N, N, N, N, N","N, N, N, N, N, N","N, N, N, N, N, N","N, N, N, N, N, N","N, N, N, N, N, N","N, N, N, N, N, N","N, N, N, N, N, N","0.146, 0.155","1, 1","1, 1","0, 1","0.537, 0.789","0, 0","-0.053, 0.053","NA, NA","-0.013, -0.013","0.085, 0.085","0.019, 0.019","0.062, 0.062","NA, NA","NA, NA","NA, NA","0.499, 0.498",0.662649876191982,0,Y,TRUE,TRUE
https://github.com/RajLabMSSM/Fine_Mapping/blob/master/Data/GWAS/Nalls23andMe_2019/FGF20/Multi-finemap/FGF20_ggbio.png,FGF20,"rs620513, rs622311","8:16697593, 8:16697980","rs10109953, rs111550377, rs620513, rs622311, rs7006980, rs76762880",4337,526,54,6,2,"Y, N","N, N","N, N","N, N","N, N","N, N","N, N","N, N","N, N","N, N, Y, N, N, N","N, N, N, N, N, N","N, N, N, N, N, N","N, N, N, N, N, N","N, N, N, N, N, N","N, N, N, N, N, N","N, N, N, N, N, N","N, N, N, N, N, N","N, N, N, N, N, N","0.098, 0.085","1, 1","1, 1","0, 1","0.524, 0.771","0, 0","-0.086, 0.085","NA, NA","0.098, 0.102","0.034, 0.035","0.124, 0.11","-0.04, -0.032","NA, NA","NA, NA","NA, NA","0.268, 0.268",0.647811498257285,0,N,TRUE,TRUE
https://github.com/RajLabMSSM/Fine_Mapping/blob/master/Data/GWAS/Nalls23andMe_2019/RIT2/Multi-finemap/RIT2_ggbio.png,RIT2,"rs12456492, rs4588066","18:40673380, 18:40672964","rs12456492, rs4270258, rs4588066, rs62090500, rs62090522, rs8085083",2526,1066,217,6,2,"Y, N","N, N","N, N","N, N","N, N","N, N","N, N","N, N","N, N","Y, N, N, N, N, N","N, N, N, N, N, N","N, N, N, N, N, N","N, N, N, N, N, N","N, N, N, N, N, N","N, N, N, N, N, N","N, N, N, N, N, N","N, N, N, N, N, N","N, N, N, N, N, N","0.803, 0.149","1, 1","1, 1","0, 1","0.701, 0.787","0, 0","-0.098, 0.097","NA, NA","-0.027, -0.027","0.13, 0.13","0.021, 0.021","-0.123, -0.123","NA, NA","NA, NA","NA, NA","0.318, 0.322",0.743991604695709,0,N,TRUE,TRUE
https://github.com/RajLabMSSM/Fine_Mapping/blob/master/Data/GWAS/Nalls23andMe_2019/RPS12/Multi-finemap/RPS12_ggbio.png,RPS12,"rs118130928, rs75859381","6:133212446, 6:133210361","rs117701920, rs118038135, rs118130928, rs75859381, rs79333841, rs79810368",3287,270,8,6,2,"N, Y","N, N","N, N","N, N","N, N","N, N","N, N","N, N","N, N","N, N, N, Y, N, N","N, N, N, N, N, Y","N, N, N, N, N, N","N, N, N, N, N, N","N, N, N, N, N, N","N, N, N, N, N, N","N, N, N, N, N, N","N, N, N, N, N, N","N, N, N, N, N, N","0.006, 0.678","1, 1","1, 1","1, 0","0.751, 0.669","0, 0","0.235, -0.221","-0.382, NA","0.069, 0.069","-0.278, -0.278","0.08, 0.08","-0.322, -0.322","NA, NA","NA, NA","NA, NA","0.031, 0.033",0.71044633275123,0,Y,TRUE,TRUE
https://github.com/RajLabMSSM/Fine_Mapping/blob/master/Data/GWAS/Nalls23andMe_2019/UBAP2/Multi-finemap/UBAP2_ggbio.png,UBAP2,"rs1543605, rs6476434","9:34040774, 9:34046391","rs11523735, rs148024340, rs1543605, rs2077006, rs2790732, rs307684, rs6476434",2601,1101,36,7,2,"N, Y","N, Y","N, N","N, N","N, N","N, N","N, N","N, N","N, N","N, N, N, N, N, N, Y","N, N, N, N, N, Y, Y","N, N, N, N, N, N, N","N, N, N, N, N, N, N","N, N, N, N, N, N, N","N, N, N, N, N, N, N","N, N, N, N, N, N, N","N, N, N, N, N, N, N","N, N, N, N, N, N, N","0.052, 0.056","1, 0.991","1, 1","0, 0","0.513, 0.512","0, 1","0.061, -0.062","NA, -0.077","0.062, 0.062","0.107, 0.107","-0.063, -0.063","0.191, 0.191","-0.359, -0.366","NA, NA","NA, -0.014","0.269, 0.266",0.512335674247232,0.5,Y,TRUE,TRUE
https://github.com/RajLabMSSM/Fine_Mapping/blob/master/Data/GWAS/Nalls23andMe_2019/SPTSSB/Multi-finemap/SPTSSB_ggbio.png,SPTSSB,"rs1450522, rs2054710","3:161077630, 3:161090616","rs114528427, rs115126548, rs11710916, rs13076251, rs1450522, rs2054710, rs6441374",2929,824,51,7,2,"Y, N","N, N","N, N","N, N","N, N","N, N","N, N","N, N","N, N","N, N, N, N, Y, N, N","N, N, N, Y, N, N, N","N, N, N, N, N, N, N","N, N, N, N, N, N, N","N, N, N, N, N, N, N","N, N, N, N, N, N, N","N, N, N, N, N, N, N","N, N, N, N, N, N, N","N, N, N, N, N, N, N","0.084, 0.074","1, 1","1, 1","0, 0","0.521, 0.519","0, 0","-0.062, 0.061","NA, NA","NA, NA","NA, NA","NA, NA","NA, NA","NA, NA","NA, NA","NA, NA","0.326, 0.326",0.519740489947847,0,Y,TRUE,TRUE
https://github.com/RajLabMSSM/Fine_Mapping/blob/master/Data/GWAS/Nalls23andMe_2019/FCGR2A/Multi-finemap/FCGR2A_ggbio.png,FCGR2A,"rs4657041, rs6658353","1:161478859, 1:161469054","rs4233371, rs4657039, rs4657041, rs6658353, rs6671847, rs74124991, rs7512140, rs7551957",2673,537,8,8,2,"N, Y","N, N","N, N","N, N","N, N","N, N","N, N","N, N","N, N","N, N, N, Y, N, N, N, N","N, N, N, N, N, N, N, N","N, Y, N, N, N, N, Y, N","N, N, N, N, N, N, N, N","N, N, N, N, N, N, N, N","N, N, N, N, N, N, N, N","N, N, N, N, N, N, N, N","N, N, N, N, N, N, N, N","N, N, N, N, N, N, N, N","0.283, 0.473","1, 1","1, 1","0, 1","0.571, 0.868","0, 0","-0.064, 0.065","-0.103, -0.085","-0.335, -0.34","-0.233, -0.226","-0.374, -0.38","-0.304, -0.3","-0.248, 0.245","0.327, -0.334","0.055, NA","0.495, 0.499",0.719509093646702,0,Y,TRUE,TRUE
https://github.com/RajLabMSSM/Fine_Mapping/blob/master/Data/GWAS/Nalls23andMe_2019/RPS6KL1/Multi-finemap/RPS6KL1_ggbio.png,RPS6KL1,"rs13391, rs3742785","14:75370123, 14:75373034","rs10148864, rs113500698, rs12891243, rs13391, rs3213717, rs3742785, rs79513436, rs8185, rs917833",2094,330,80,9,2,"N, Y","N, N","N, N","N, N","N, N","N, N","N, N","N, N","N, N","N, N, N, N, N, Y, N, N, N","N, Y, Y, N, Y, N, N, N, Y","N, N, N, N, N, N, N, N, N","N, N, N, N, N, N, N, N, N","N, N, N, N, N, N, N, N, N","N, N, N, N, N, N, N, N, N","N, N, N, N, N, N, N, N, N","N, N, N, N, N, N, N, N, N","N, N, N, N, N, N, N, N, N","0.057, 0.066","1, 1","1, 1","0, 1","0.514, 0.767","0, 0","-0.07, 0.071","NA, NA","0.05, 0.05","-0.036, -0.036","0.02, 0.02","0.128, 0.128","NA, NA","NA, NA","-0.02, -0.018","0.212, 0.213",0.640454360956487,0,Y,TRUE,TRUE
https://github.com/RajLabMSSM/Fine_Mapping/blob/master/Data/GWAS/Nalls23andMe_2019/NOD2/Multi-finemap/NOD2_ggbio.png,NOD2,"rs11642482, rs11642646, rs748855","16:50740764, 16:50741186, 16:50751398","rs11642482, rs11642646, rs748855",2208,257,17,3,3,"N, N, N","N, N, N","Y, Y, Y","Y, Y, N","N, N, N","N, N, N","N, N, N","N, N, N","N, Y, Y","N, N, N","N, N, N","Y, Y, Y","Y, Y, N","N, N, N","N, N, N","N, N, N","N, N, N","N, Y, Y","0.067, 0.03, 0.031","1, 1, 1","1, 1, 1","0, 0, 0","0.517, 0.507, 0.508","2, 3, 2","0.057, -0.056, 0.056","NA, NA, NA","0.662, 0.664, 0.688","0.413, 0.418, 0.4","0.442, 0.445, 0.457","0.27, 0.26, 0.247","NA, NA, NA","-0.327, -0.328, -0.315","NA, 0.082, 0.085","0.398, 0.398, 0.393",0.510628836628338,2.33333333333333,Y,FALSE,FALSE
https://github.com/RajLabMSSM/Fine_Mapping/blob/master/Data/GWAS/Nalls23andMe_2019/BST1/Multi-finemap/BST1_ggbio.png,BST1,"rs34559912, rs4389574, rs4541502","4:15730146, 4:15730398, 4:15712787","rs34559912, rs35519415, rs3756246, rs4389574, rs4541502, rs4698412, rs6852450",2917,792,245,7,3,"N, N, N","Y, Y, N","Y, Y, Y","Y, Y, Y","Y, Y, Y","Y, Y, Y","N, N, N","N, N, N","Y, Y, Y","N, N, N, N, N, Y, N","Y, Y, Y, Y, N, N, N","Y, Y, Y, Y, Y, Y, Y","Y, N, N, Y, Y, Y, Y","Y, N, N, Y, Y, Y, Y","Y, Y, N, Y, Y, Y, Y","N, N, N, N, N, N, N","N, N, N, N, N, N, N","Y, Y, N, Y, Y, Y, Y","0.062, 0, 0","1, 1, 1","1, 1, 1","0, 0, 1","0.516, 0.5, 0.75","6, 6, 5","0.103, -0.098, -0.09","-0.18, -0.18, NA","0.847, 0.85, 0.831","0.48, 0.481, 0.448","0.559, 0.545, 0.502","0.588, 0.585, 0.545","-0.296, -0.297, 0.378","-0.797, -0.798, -0.748","-0.138, -0.138, -0.13","0.447, 0.444, 0.475",0.588509461041298,5.66666666666667,N,FALSE,TRUE
https://github.com/RajLabMSSM/Fine_Mapping/blob/master/Data/GWAS/Nalls23andMe_2019/DLG2/Multi-finemap/DLG2_ggbio.png,DLG2,"rs12278928, rs4143313, rs4143314","11:83496979, 11:83491397, 11:83491495","rs115785442, rs11607507, rs12278928, rs1914203, rs4143313, rs4143314, rs76831675",2931,783,19,7,3,"N, N, N","N, N, N","N, N, N","N, N, N","N, N, N","N, N, N","N, N, N","N, N, N","N, N, N","N, N, N, N, N, N, N","N, N, N, N, N, N, N","N, N, N, N, N, N, N","N, N, N, N, N, N, N","N, N, N, N, N, N, N","N, N, N, N, N, N, N","N, N, N, N, N, N, N","N, N, N, N, N, N, N","N, N, N, N, N, N, N","0.003, 0.004, 0.004","0.996, 1, 1","0.978, 1, 1","0, 1, 0","0.494, 0.751, 0.501","0, 0, 0","0.053, -0.054, 0.054","NA, NA, NA","0.09, 0.103, 0.103","0.063, 0.075, 0.075","-0.005, 0.013, 0.013","0.131, 0.159, 0.159","NA, NA, NA","NA, NA, NA","NA, NA, NA","0.417, 0.413, 0.414",0.582132650624743,0,N,FALSE,FALSE
https://github.com/RajLabMSSM/Fine_Mapping/blob/master/Data/GWAS/Nalls23andMe_2019/SYT17/Multi-finemap/SYT17_ggbio.png,SYT17,"rs2352796, rs6497338, rs7197580","16:19275345, 16:19274046, 16:19278625","rs12325307, rs2239981, rs2239982, rs2352796, rs6497338, rs6497339, rs7197580",2908,374,4,7,3,"N, N, N","N, N, N","N, N, N","N, N, N","N, N, N","N, N, N","N, N, N","N, N, N","N, N, N","N, N, N, N, N, Y, N","N, N, N, N, N, N, N","N, N, N, N, N, N, N","N, N, N, N, N, N, N","N, N, N, N, N, N, N","N, N, N, N, N, N, N","N, N, N, N, N, N, N","N, N, N, N, N, N, N","N, N, N, N, N, N, N","0, 0, 0","1, 1, 0.983","1, 1, 0.963","0, 0, 1","0.5, 0.5, 0.736","0, 0, 0","0.049, -0.049, -0.051","0.132, NA, NA","-0.233, -0.233, 0.241","-0.298, -0.297, 0.256","0.107, 0.107, 0.086","-0.299, -0.299, -0.24","-0.303, -0.303, -0.298","-0.194, NA, -0.198","NA, NA, NA","0.48, 0.48, 0.475",0.578847664161601,0,N,FALSE,TRUE
https://github.com/RajLabMSSM/Fine_Mapping/blob/master/Data/GWAS/Nalls23andMe_2019/SETD1A/Multi-finemap/SETD1A_ggbio.png,SETD1A,"rs12716978, rs13708, rs62055866","16:30981544, 16:31000809, 16:30969557","rs11150596, rs11150599, rs11150601, rs12445568, rs12716978, rs13708, rs62055866, rs7294",1225,554,217,8,3,"N, N, N","Y, Y, Y","N, N, N","N, N, N","N, N, N","N, N, N","N, N, N","N, N, N","N, N, N","N, N, Y, N, N, N, N, N","N, N, N, N, Y, Y, Y, N","N, N, N, N, N, N, N, N","N, N, N, N, N, N, N, N","N, N, N, N, N, N, N, N","N, N, N, N, N, N, N, N","N, N, N, N, N, N, N, N","N, N, N, N, N, N, N, N","N, N, N, N, N, N, N, N","0.058, 0.028, 0.009","1, 1, 1","1, 1, 1","0, 0, 0","0.515, 0.507, 0.502","1, 1, 1","-0.091, 0.091, 0.09","-0.158, -0.159, -0.157","0.068, 0.067, 0.068","0.145, 0.148, 0.145","0.169, 0.156, 0.169","0.163, 0.154, 0.163","0.483, 0.502, 0.477","0.386, 0.39, 0.386","NA, -0.003, NA","0.359, 0.355, 0.353",0.507953981306033,1,N,FALSE,TRUE
https://github.com/RajLabMSSM/Fine_Mapping/blob/master/Data/GWAS/Nalls23andMe_2019/FAM171A2/Multi-finemap/FAM171A2_ggbio.png,FAM171A2,"rs5910, rs5911, rs850734","17:42449789, 17:42453065, 17:42449025","rs184229944, rs5910, rs5911, rs708382, rs78381127, rs850731, rs850734, rs850735",2004,740,43,8,3,"N, N, N","N, Y, Y","N, N, N","N, N, N","N, N, N","N, N, N","N, N, N","N, N, N","N, N, N","N, N, N, N, N, N, N, N","N, N, Y, N, N, Y, Y, Y","N, N, N, N, N, N, N, N","N, N, N, N, N, N, N, N","N, N, N, N, N, N, N, N","N, N, N, N, N, N, N, N","N, N, N, N, N, N, N, N","N, N, N, N, N, N, N, N","N, N, N, N, N, N, N, N","0.103, 0.029, 0.088","1, 1, 1","1, 1, 1","1, 0, 0","0.776, 0.507, 0.522","0, 1, 1","0.069, -0.069, -0.069","NA, -0.087, -0.086","NA, NA, NA","NA, NA, NA","NA, NA, NA","NA, NA, NA","NA, NA, NA","NA, NA, NA","NA, NA, NA","0.386, 0.386, 0.385",0.601672204132849,0.666666666666667,Y,FALSE,FALSE
https://github.com/RajLabMSSM/Fine_Mapping/blob/master/Data/GWAS/Nalls23andMe_2019/SIPA1L2/Multi-finemap/SIPA1L2_ggbio.png,SIPA1L2,"rs10910548, rs34331262, rs3902818","1:232658436, 1:232657733, 1:232658704","rs10797576, rs10910548, rs2182430, rs34331262, rs35424499, rs3902818, rs7535469, rs7536083",3314,460,27,8,3,"N, N, N","N, N, N","N, N, N","N, N, N","N, N, N","N, N, N","N, N, N","N, N, N","N, N, N","Y, N, N, N, N, N, N, N","N, N, N, N, N, N, N, N","N, N, N, N, N, N, N, N","N, N, N, N, N, N, N, N","N, N, N, N, N, N, N, N","N, N, N, N, N, N, N, N","N, N, N, N, N, N, N, N","N, N, N, N, N, N, N, N","N, N, N, N, N, N, N, N","0.032, 0.038, 0.041","1, 1, 1","1, 1, 1","0, 0, 0","0.508, 0.51, 0.51","0, 0, 0","-0.109, -0.11, 0.109","NA, NA, NA","-0.145, -0.145, -0.145","-0.315, -0.315, -0.315","-0.171, -0.171, -0.171","-0.382, -0.382, -0.382","NA, NA, NA","NA, NA, NA","-0.042, -0.039, -0.039","0.143, 0.143, 0.143",0.509223217694017,0,N,FALSE,TRUE
https://github.com/RajLabMSSM/Fine_Mapping/blob/master/Data/GWAS/Nalls23andMe_2019/MED12L/Multi-finemap/MED12L_ggbio.png,MED12L,"rs11717169, rs12493628, rs73159907","3:151123497, 3:151106732, 3:151109424","rs111506031, rs11717169, rs12493628, rs12497065, rs16863350, rs17204536, rs4679817, rs62285917, rs6798637, rs73159907",2933,451,40,10,3,"N, N, N","N, Y, Y","N, N, N","N, N, N","N, N, N","N, N, N","N, N, N","N, N, N","N, N, N","N, N, N, N, N, N, N, N, N, N","N, N, Y, Y, N, Y, Y, N, Y, Y","N, N, N, N, N, N, N, N, N, N","N, N, N, N, N, N, N, N, N, N","N, N, N, N, N, N, N, N, N, N","N, N, N, N, N, N, N, N, N, N","N, N, N, N, N, N, N, N, N, N","N, N, N, N, N, N, N, N, N, N","N, N, N, N, N, N, N, N, N, N","0.018, 0.041, 0.039","1, 1, 1","1, 1, 1","0, 0, 0","0.505, 0.51, 0.51","0, 1, 1","0.062, -0.063, 0.062","NA, -0.18, -0.183","-0.037, -0.037, -0.037","0.132, 0.126, 0.126","0.108, 0.114, 0.114","0.015, 0.009, 0.009","NA, NA, NA","NA, NA, NA","NA, NA, NA","0.368, 0.368, 0.368",0.508185358364763,0.666666666666667,Y,FALSE,FALSE
https://github.com/RajLabMSSM/Fine_Mapping/blob/master/Data/GWAS/Nalls23andMe_2019/GBF1/Multi-finemap/GBF1_ggbio.png,GBF1,"rs11191252, rs12572826, rs4919627","10:104060060, 10:104132535, 10:104081389","rs10883719, rs111415964, rs11191252, rs11191284, rs12260430, rs12360253, rs12572826, rs17114381, rs2296887, rs41287458, rs4919627, rs9665587",1655,527,3,12,3,"N, N, N","N, N, Y","N, N, N","N, N, N","N, N, N","N, N, N","N, N, N","N, N, N","N, N, N","N, N, N, N, N, N, N, N, N, N, N, N","N, N, N, Y, N, N, N, N, N, N, Y, N","N, N, N, N, N, N, N, N, N, N, N, N","N, N, N, N, N, N, N, N, N, N, N, N","N, N, N, N, N, N, N, N, N, N, N, N","N, N, N, N, N, N, N, N, N, N, N, N","N, N, N, N, N, N, N, N, N, N, N, N","N, N, N, N, N, N, N, N, N, N, N, N","N, N, N, N, N, N, N, N, N, N, N, N","0.001, 0.001, 0","1, 1, 1","1, 1, 1","0, 0, 0","0.5, 0.5, 0.5","0, 0, 1","0.061, -0.061, 0.059","0.148, NA, 0.158","0.084, 0.095, 0.072","-0.001, -0.004, -0.001","-0.094, -0.084, -0.094","-0.122, -0.108, -0.122","NA, NA, NA","NA, NA, NA","NA, 0.034, 0.031","0.169, 0.171, 0.168",0.500192384767162,0.333333333333333,Y,FALSE,FALSE
https://github.com/RajLabMSSM/Fine_Mapping/blob/master/Data/GWAS/Nalls23andMe_2019/KRTCAP2/Multi-finemap/KRTCAP2_ggbio.png,KRTCAP2,"rs12726330, rs35682329, rs35749011","1:155108167, 1:155121143, 1:155135036","rs12726330, rs145330152, rs34195153, rs35682329, rs35749011, rs71628639",1585,320,46,6,3,"N, N, Y","N, N, N","N, N, N","N, N, N","N, N, N","N, N, N","N, N, N","N, N, N","N, N, N","N, N, N, N, Y, N","N, N, N, N, N, N","N, N, N, N, N, N","N, N, N, N, N, N","N, N, N, N, N, N","N, N, N, N, N, N","N, N, N, N, N, N","N, N, N, N, N, N","N, N, N, N, N, N","0, 0, 1","1, 1, 1","1, 1, 1","0, 1, 1","0.5, 0.75, 1","0, 0, 0","0.634, -0.61, 0.607","NA, NA, NA","-0.304, -0.38, -0.304","0.238, 0.26, 0.238","-0.384, -0.217, -0.384","-0.204, -0.18, -0.204","-1.03, -1.016, -1.002","NA, NA, NA","NA, NA, NA","0.017, 0.016, 0.017",0.749999798820756,0,N,TRUE,TRUE
https://github.com/RajLabMSSM/Fine_Mapping/blob/master/Data/GWAS/Nalls23andMe_2019/GALC/Multi-finemap/GALC_ggbio.png,GALC,"rs7158828, rs7160199, rs979812","14:88466157, 14:88466153, 14:88464264","rs12878534, rs182294266, rs541662123, rs57564449, rs7158828, rs7160199, rs979812",3227,694,53,7,3,"N, N, Y","N, N, N","N, N, N","N, N, N","Y, Y, Y","N, N, N","N, N, N","N, N, N","N, N, N","N, N, N, N, N, N, Y","N, N, N, N, N, N, N","N, N, N, N, N, N, N","N, N, N, N, N, N, N","Y, N, N, N, Y, Y, Y","N, N, N, N, N, N, N","N, N, N, N, N, N, N","N, N, N, N, N, N, N","N, N, N, N, N, N, N","0.078, 0.078, 0.103","1, 1, 0.978","1, 1, 0.999","0, 0, 1","0.519, 0.519, 0.77","1, 1, 1","0.061, -0.061, 0.061","0.051, 0.051, NA","0.076, 0.076, 0.081","0.249, 0.249, 0.251","0.544, 0.544, 0.536","0.225, 0.225, 0.224","0.318, 0.318, 0.318","NA, NA, NA","0.016, 0.016, 0.015","0.443, 0.443, 0.442",0.602946506129005,1,N,TRUE,TRUE
https://github.com/RajLabMSSM/Fine_Mapping/blob/master/Data/GWAS/Nalls23andMe_2019/HIP1R/Multi-finemap/HIP1R_ggbio.png,HIP1R,"rs10847839, rs10847864, rs76826575","12:123322560, 12:123326598, 12:123330898","rs10847839, rs10847864, rs11060180, rs190345452, rs3817094, rs76826575, rs897392",1967,923,67,7,3,"N, Y, N","N, N, N","N, N, N","N, N, N","N, N, N","N, N, N","N, N, N","N, N, N","N, N, N","N, Y, N, N, N, N, N","N, N, N, N, Y, N, Y","N, N, N, N, N, N, N","N, N, N, N, N, N, N","N, N, N, N, N, N, N","N, N, N, N, N, N, N","N, N, N, N, N, N, N","N, N, N, N, N, N, N","N, N, N, N, N, N, N","0, 1, 0","1, 1, 1","1, 1, 1","0, 1, 0","0.5, 1, 0.5","0, 0, 0","-0.147, 0.148, 0.019","NA, NA, -0.12","NA, NA, -0.307","NA, NA, 0.295","NA, NA, -0.653","NA, NA, 0.397","NA, NA, NA","NA, NA, NA","NA, NA, NA","0.368, 0.364, 0.033",0.666666666658568,0,N,TRUE,TRUE
https://github.com/RajLabMSSM/Fine_Mapping/blob/master/Data/GWAS/Nalls23andMe_2019/RNF141/Multi-finemap/RNF141_ggbio.png,RNF141,"rs12275930, rs7936626, rs7938782","11:10552702, 11:10554884, 11:10558777","rs10500727, rs117479720, rs12275930, rs12421214, rs2054390, rs7131507, rs7936626, rs7938782",3384,503,18,8,3,"N, N, Y","Y, Y, N","N, N, N","N, N, N","N, N, N","N, N, N","N, N, N","N, N, N","N, N, N","N, N, N, N, N, N, N, Y","N, N, Y, Y, Y, Y, Y, N","N, N, N, N, N, N, N, N","N, N, N, N, N, N, N, N","N, N, N, N, N, N, N, N","N, N, N, N, N, N, N, N","N, N, N, N, N, N, N, N","N, N, N, N, N, N, N, N","N, N, N, N, N, N, N, N","0.041, 0.043, 0.09","1, 1, 1","1, 1, 1","0, 0, 1","0.51, 0.511, 0.772","1, 1, 0","0.087, -0.085, 0.087","0.125, 0.126, NA","-0.388, -0.38, -0.408","-0.177, -0.169, -0.185","-0.162, -0.165, -0.165","-0.329, -0.335, -0.342","NA, NA, NA","0.382, 0.384, 0.379","-0.091, -0.091, -0.091","0.12, 0.123, 0.122",0.59784739716553,0.666666666666667,Y,TRUE,TRUE
https://github.com/RajLabMSSM/Fine_Mapping/blob/master/Data/GWAS/Nalls23andMe_2019/FAM47E-STBD1/Multi-finemap/FAM47E-STBD1_ggbio.png,FAM47E-STBD1,"rs28636815, rs28689064, rs6854006","4:77197397, 4:77197396, 4:77198054","rs115105683, rs2119730, rs28636815, rs28689064, rs4484327, rs4859435, rs6854006, rs7655536",3097,1454,274,8,3,"N, N, Y","N, N, N","N, N, N","N, N, N","N, N, N","N, N, N","N, N, N","N, N, N","N, N, N","N, N, N, N, N, N, Y, N","N, N, N, N, N, N, N, N","N, N, N, N, N, N, N, N","N, N, N, N, N, N, N, N","N, N, N, N, N, N, N, N","N, N, N, N, N, N, N, N","N, N, N, N, N, N, N, N","N, N, N, N, N, N, N, N","N, N, N, N, N, N, N, N","0, 0, 0.33","1, 1, 1","1, 1, 1","0, 0, 0","0.5, 0.5, 0.582","0, 0, 0","0.087, -0.087, -0.091","0.099, 0.099, 0.1","NA, NA, NA","NA, NA, NA","NA, NA, NA","NA, NA, NA","-0.27, -0.27, -0.227","0.297, 0.296, 0.289","-0.043, -0.043, -0.043","0.32, 0.32, 0.363",0.527477248680482,0,N,TRUE,TRUE
https://github.com/RajLabMSSM/Fine_Mapping/blob/master/Data/GWAS/Nalls23andMe_2019/KCNIP3/Multi-finemap/KCNIP3_ggbio.png,KCNIP3,"rs2042477, rs2113417, rs9678800","2:96000943, 2:95999856, 2:96009318","rs149499213, rs2042477, rs2113417, rs3105106, rs61649840, rs72819488, rs954078, rs9678800",767,254,25,8,3,"Y, N, N","N, N, N","N, N, N","N, N, N","N, N, N","N, N, N","N, N, N","N, N, N","N, N, N","N, Y, N, N, N, N, N, N","N, N, N, N, N, N, N, N","N, N, N, N, N, N, N, N","N, N, N, N, N, N, N, N","N, N, N, N, N, N, N, N","N, N, N, N, N, N, N, N","N, N, N, N, N, N, N, N","N, N, N, N, N, N, N, N","N, N, N, N, N, N, N, N","0.05, 0.026, 0.024","1, 1, 1","1, 1, 1","0, 0, 0","0.512, 0.507, 0.506","0, 0, 0","-0.066, 0.062, 0.062","-0.096, NA, NA","0.051, 0.047, 0.047","-0.06, -0.075, -0.075","-0.169, -0.175, -0.175","0.174, 0.174, 0.174","NA, NA, NA","0.412, 0.411, 0.412","NA, NA, NA","0.242, 0.252, 0.253",0.50827766653746,0,Y,TRUE,TRUE
https://github.com/RajLabMSSM/Fine_Mapping/blob/master/Data/GWAS/Nalls23andMe_2019/TMEM163/Multi-finemap/TMEM163_ggbio.png,TMEM163,"rs12471329, rs4553872, rs57891859","2:135456708, 2:135459255, 2:135464616","rs11883531, rs12471329, rs13418974, rs150847437, rs16830921, rs4553872, rs57891859, rs72974315, rs72974321, rs7577270, rs76690889, rs77444935",1863,761,37,12,3,"N, N, Y","N, N, N","N, N, N","N, N, N","N, N, N","N, N, N","N, N, N","N, N, N","N, N, N","N, N, N, N, N, N, Y, N, N, N, N, N","N, N, N, N, N, N, N, N, N, N, N, N","N, N, N, N, N, N, N, N, N, N, N, N","N, N, N, N, N, N, N, N, N, N, N, N","N, N, N, N, N, N, N, N, N, N, N, N","N, N, N, N, N, N, N, N, N, N, N, N","N, N, N, N, N, N, N, N, N, N, N, N","N, N, N, N, N, N, N, N, N, N, N, N","N, N, N, N, N, N, N, N, N, N, N, N","0, 0, 1","1, 1, 0","1, 1, 0","0, 1, 1","0.5, 0.75, 0.5","0, 0, 0","0.064, -0.066, 0.081","NA, NA, NA","-0.07, -0.048, -0.02","0.145, 0.144, 0.164","0.256, 0.256, 0.273","-0.115, -0.112, -0.055","NA, NA, -0.287","NA, NA, NA","NA, NA, NA","0.175, 0.177, 0.282",0.583300981529381,0,N,TRUE,TRUE
https://github.com/RajLabMSSM/Fine_Mapping/blob/master/Data/GWAS/Nalls23andMe_2019/ITGA8/Multi-finemap/ITGA8_ggbio.png,ITGA8,"rs4748177, rs7071725, rs7076896, rs7918038","10:15552323, 10:15552777, 10:15553305, 10:15553496","rs4748177, rs7071725, rs7076896, rs7918038",3187,450,135,4,4,"N, N, N, N","N, N, N, N","N, N, N, N","N, N, N, N","N, N, N, N","N, N, N, N","N, N, N, N","N, N, N, N","N, N, N, N","N, N, N, N","N, N, N, N","N, N, N, N","N, N, N, N","N, N, N, N","N, N, N, N","N, N, N, N","N, N, N, N","N, N, N, N","0.021, 0.021, 0.016, 0.025","1, 1, 1, 1","1, 1, 0.967, 1","0, 0, 0, 0","0.505, 0.505, 0.496, 0.506","0, 0, 0, 0","-0.073, 0.073, 0.073, -0.073","NA, NA, NA, NA","-0.049, -0.049, -0.05, -0.05","-0.031, -0.031, -0.032, -0.032","-0.101, -0.101, -0.103, -0.103","-0.003, -0.003, -0.002, -0.002","NA, NA, NA, NA","NA, NA, NA, NA","NA, NA, NA, NA","0.311, 0.31, 0.311, 0.31",0.503100710431342,0,N,FALSE,FALSE
https://github.com/RajLabMSSM/Fine_Mapping/blob/master/Data/GWAS/Nalls23andMe_2019/VAMP4/Multi-finemap/VAMP4_ggbio.png,VAMP4,"rs10489251, rs10913587, rs112293138, rs17649050","1:171717534, 1:171717417, 1:171714002, 1:171713808","rs10489249, rs10489251, rs10913587, rs112293138, rs11578699, rs17649050",2691,829,79,6,4,"N, N, N, N","N, N, N, N","Y, Y, Y, Y","Y, Y, Y, Y","Y, Y, Y, Y","Y, Y, Y, Y","N, N, N, N","N, N, N, N","Y, Y, Y, N","N, N, N, N, Y, N","N, N, N, N, N, N","Y, Y, Y, Y, Y, Y","Y, Y, Y, Y, Y, Y","Y, Y, Y, Y, Y, Y","Y, Y, Y, Y, Y, Y","N, N, N, N, N, N","N, N, N, N, N, N","N, Y, Y, Y, Y, N","0.009, 0.011, 0.013, 0.016","1, 1, 1, 1","1, 1, 1, 1","0, 0, 0, 0","0.502, 0.503, 0.503, 0.504","5, 5, 5, 4","0.067, -0.067, 0.067, -0.067","-0.05, -0.06, -0.06, NA","1.232, 1.232, 1.249, 1.249","1.38, 1.38, 1.391, 1.391","1.199, 1.199, 1.207, 1.207","1.248, 1.248, 1.262, 1.262","0.357, 0.357, NA, 0.357","NA, NA, NA, NA","0.243, 0.246, 0.247, NA","0.195, 0.194, 0.194, 0.195",0.503078479159775,4.75,Y,FALSE,TRUE
https://github.com/RajLabMSSM/Fine_Mapping/blob/master/Data/GWAS/Nalls23andMe_2019/WNT3/Multi-finemap/WNT3_ggbio.png,WNT3,"rs142167, rs199449, rs199453, rs199531","17:44795234, 17:44808902, 17:44800946, 17:44830414","rs142167, rs199449, rs199453, rs199498, rs199502, rs199531, rs57685539, rs76990846",1448,493,33,8,4,"N, N, N, N","N, N, N, Y","N, N, N, N","N, N, N, N","N, N, N, N","N, N, N, N","N, N, N, N","N, N, N, N","N, N, N, N","N, N, N, N, N, N, N, N","N, N, N, Y, Y, Y, N, N","N, N, N, N, N, N, N, N","N, N, N, N, N, N, N, N","N, N, N, N, N, N, N, N","N, N, N, N, N, N, N, N","N, N, N, N, N, N, N, N","N, N, N, N, N, N, N, N","N, N, N, N, N, N, N, N","0.033, 0.339, 0.454, 0.008","1, 1, 1, 1","1, 1, 1, 1","1, 0, 0, 0","0.758, 0.585, 0.613, 0.502","0, 0, 0, 1","0.203, -0.204, -0.204, 0.203","NA, NA, NA, -0.245","-0.066, -0.071, -0.066, -0.073","-0.122, -0.123, -0.122, -0.125","0.14, 0.131, 0.14, 0.137","-0.097, -0.099, -0.097, -0.091","-0.354, -0.354, -0.354, -0.346","-0.364, -0.362, -0.363, -0.346","0.054, 0.056, 0.054, 0.059","0.232, 0.231, 0.231, 0.233",0.614578386562387,0.25,N,FALSE,FALSE
https://github.com/RajLabMSSM/Fine_Mapping/blob/master/Data/GWAS/Nalls23andMe_2019/CAMK2D/Multi-finemap/CAMK2D_ggbio.png,CAMK2D,"rs17046072, rs2293323, rs57903150, rs9812","4:114374813, 4:114377170, 4:114381844, 4:114372480","rs13117519, rs142183635, rs17046072, rs17446453, rs2293323, rs4833431, rs57903150, rs9812",2885,378,9,8,4,"N, N, N, N","N, N, N, N","N, N, N, N","N, N, N, N","N, N, N, N","N, N, N, N","N, N, N, N","N, N, N, N","N, N, N, N","Y, N, N, N, N, N, N, N","N, N, N, N, N, N, N, N","N, N, N, N, N, N, N, N","N, N, N, N, N, N, N, N","N, N, N, N, N, N, N, N","N, N, N, N, N, N, N, N","N, N, N, N, N, N, N, N","N, N, N, N, N, N, N, N","N, N, N, N, N, N, N, N","0.001, 0.001, 0, 0.001","1, 1, 1, 1","1, 1, 1, 1","0, 0, 0, 1","0.5, 0.5, 0.5, 0.75","0, 0, 0, 0","0.072, 0.072, -0.064, -0.072","NA, NA, NA, NA","0.173, 0.163, 0.097, 0.175","0.197, 0.195, 0.149, 0.203","0.117, 0.119, 0.16, 0.115","-0.104, -0.111, -0.059, -0.107","NA, NA, NA, NA","NA, NA, NA, NA","0.066, 0.067, NA, NA","0.194, 0.193, 0.259, 0.193",0.56273822564654,0,N,FALSE,TRUE
https://github.com/RajLabMSSM/Fine_Mapping/blob/master/Data/GWAS/Nalls23andMe_2019/FAM49B/Multi-finemap/FAM49B_ggbio.png,FAM49B,"rs298601, rs298602, rs401526, rs837081","8:130932427, 8:130932174, 8:130929166, 8:130923055","rs1979477, rs298601, rs298602, rs401526, rs476849, rs6988772, rs710617, rs837081",2709,512,11,8,4,"N, N, N, N","N, N, N, N","N, N, N, N","N, N, N, N","N, N, N, N","N, N, N, N","N, N, N, N","N, N, N, N","N, N, N, N","N, N, N, N, N, N, N, N","N, N, N, N, N, N, N, N","N, N, N, N, N, N, N, N","N, N, N, N, N, N, N, N","N, N, N, N, N, N, N, N","N, N, N, N, N, N, N, N","N, N, N, N, N, N, N, N","N, N, N, N, N, N, N, N","N, N, N, N, N, N, N, N","0.046, 0.088, 0.069, 0.003","1, 1, 1, 1","1, 1, 1, 1","0, 1, 0, 0","0.511, 0.772, 0.517, 0.501","0, 0, 0, 0","-0.051, 0.052, -0.052, 0.047","NA, NA, NA, NA","0.039, 0.039, -0.041, 0.048","0.11, 0.118, 0.115, 0.081","0.058, 0.074, 0.067, 0.077","-0.126, -0.132, -0.132, -0.161","NA, NA, NA, NA","NA, NA, NA, NA","0, 0, -0.001, 0.002","0.49, 0.487, 0.487, 0.478",0.575379342213251,0,Y,FALSE,FALSE
https://github.com/RajLabMSSM/Fine_Mapping/blob/master/Data/GWAS/Nalls23andMe_2019/CD19/Multi-finemap/CD19_ggbio.png,CD19,"rs11643297, rs11645306, rs6565300, rs7192056","16:28973268, 16:28983936, 16:28993049, 16:28981511","rs11639897, rs11643297, rs11645306, rs12919058, rs145650870, rs6565300, rs7140, rs7188071, rs7192056",1520,350,24,9,4,"N, N, N, N","Y, Y, Y, Y","N, N, N, N","N, N, N, N","N, N, N, N","N, N, N, N","N, N, N, N","N, N, N, N","N, N, N, N","N, N, N, N, N, N, N, N, N","Y, Y, Y, Y, N, Y, N, N, Y","N, N, N, N, N, N, N, N, N","N, N, N, N, N, N, N, N, N","N, N, N, N, N, N, N, N, N","N, N, N, N, N, N, N, N, N","N, N, N, N, N, N, N, N, N","N, N, N, N, N, N, N, N, N","N, N, N, N, N, N, N, N, N","0.005, 0.094, 0.074, 0.112","1, 1, 1, 1","1, 1, 1, 1","0, 0, 0, 1","0.501, 0.523, 0.519, 0.778","1, 1, 1, 1","-0.071, 0.063, -0.063, 0.063","-0.313, -0.313, -0.325, -0.325","0.136, 0.136, 0.136, 0.133","0.113, 0.113, 0.113, 0.113","0.152, 0.152, 0.152, 0.152","0.152, 0.152, 0.152, 0.152","-0.368, -0.683, -0.676, -0.685","0.545, 0.481, 0.475, 0.482","-0.017, NA, -0.022, NA","0.285, 0.288, 0.288, 0.287",0.580306862311786,1,Y,FALSE,FALSE
https://github.com/RajLabMSSM/Fine_Mapping/blob/master/Data/GWAS/Nalls23andMe_2019/SNCA/Multi-finemap/SNCA_ggbio.png,SNCA,"rs114124795, rs356203, rs356219, rs356220","4:90829156, 4:90666041, 4:90637601, 4:90641340","rs114124795, rs356182, rs356183, rs356203, rs356215, rs356219, rs356220, rs356221, rs60838312",2964,1791,696,9,4,"N, N, N, N","N, N, N, N","N, Y, Y, Y","N, N, N, N","N, N, N, N","N, N, N, N","N, N, N, N","N, N, N, N","N, N, N, N","N, Y, N, N, N, N, N, N, N","N, N, N, N, N, N, N, N, N","N, Y, Y, Y, Y, Y, Y, Y, N","N, N, N, N, N, N, N, N, N","N, N, N, N, N, N, N, N, N","N, N, N, N, N, N, N, N, N","N, N, N, N, N, N, N, N, N","N, N, N, N, N, N, N, N, N","N, N, N, N, N, N, N, N, N","0, 0, 0.002, 0","1, 1, 1, 1","1, 1, 1, 1","1, 0, 0, 0","0.75, 0.5, 0.501, 0.5","0, 1, 1, 1","0.088, -0.25, -0.251, 0.236","NA, NA, NA, NA","NA, 0.733, 0.714, 0.723","NA, 0.354, 0.342, 0.345","NA, 0.381, 0.356, 0.374","NA, 0.385, 0.378, 0.387","NA, -0.564, -0.558, -0.546","NA, -0.405, -0.405, -0.417","NA, NA, NA, NA","0.01, 0.385, 0.386, 0.39",0.562663289247875,0.75,N,FALSE,TRUE
https://github.com/RajLabMSSM/Fine_Mapping/blob/master/Data/GWAS/Nalls23andMe_2019/SPPL2B/Multi-finemap/SPPL2B_ggbio.png,SPPL2B,"rs10853959, rs11084937, rs2074546, rs7249727","19:2346354, 19:2346664, 19:2352639, 19:2346730","rs10853959, rs11084937, rs12985061, rs2074546, rs60012971, rs62120679, rs7247409, rs7249727, rs8104896",3761,547,2,9,4,"N, N, N, N","Y, Y, N, N","N, N, N, N","N, N, N, N","N, N, N, N","N, N, N, N","N, N, N, N","N, N, N, N","N, N, N, N","N, N, N, N, N, N, N, N, N","Y, Y, Y, N, Y, N, N, N, Y","N, N, N, N, N, N, N, N, N","N, N, N, N, N, N, N, N, N","N, N, N, N, N, N, N, N, N","N, N, N, N, N, N, N, N, N","N, N, N, N, N, N, N, N, N","N, N, N, N, N, N, N, N, N","N, N, N, N, N, N, N, N, N","0.003, 0.004, 0.004, 0","1, 1, 1, 1","1, 1, 1, 1","0, 0, 0, 0","0.501, 0.501, 0.501, 0.5","1, 1, 0, 0","-0.056, -0.056, 0.057, 0.049","0.128, 0.127, NA, NA","-0.057, -0.058, -0.068, -0.072","0.08, 0.082, 0.087, 0.096","0.051, 0.058, 0.034, -0.068","0.157, 0.169, 0.158, 0.087","NA, NA, NA, NA","0.327, 0.323, 0.324, 0.311","NA, NA, NA, NA","0.271, 0.271, 0.269, 0.238",0.500691387371106,0.5,N,FALSE,FALSE
https://github.com/RajLabMSSM/Fine_Mapping/blob/master/Data/GWAS/Nalls23andMe_2019/CRLS1/Multi-finemap/CRLS1_ggbio.png,CRLS1,"rs6053835, rs6076908, rs6085346, rs73603034","20:6011122, 20:5987734, 20:5990625, 20:5993194","rs6038333, rs6053835, rs6053877, rs6076908, rs6085346, rs73072358, rs73074308, rs73603034, rs77351827",3555,165,27,9,4,"N, N, N, N","N, N, N, N","N, N, N, N","N, N, N, N","N, N, N, N","N, N, N, N","N, N, N, N","N, N, N, N","N, N, N, N","N, N, N, N, N, N, N, N, Y","N, N, N, N, N, N, N, N, N","N, N, N, N, N, N, N, N, N","N, N, N, N, N, N, N, N, N","N, N, N, N, N, N, N, N, N","N, N, N, N, N, N, N, N, N","N, N, N, N, N, N, N, N, N","N, N, N, N, N, N, N, N, N","N, N, N, N, N, N, N, N, N","0.034, 0.022, 0.021, 0.027","1, 1, 1, 1","1, 1, 1, 1","0, 0, 0, 0","0.508, 0.506, 0.505, 0.507","0, 0, 0, 0","-0.078, 0.077, -0.076, -0.077","NA, 0.082, NA, NA","-0.118, -0.118, -0.129, -0.118","0.09, 0.085, 0.076, 0.09","0.075, 0.076, 0.075, 0.075","0.265, 0.267, 0.257, 0.265","0.441, 0.408, 0.409, 0.409","NA, NA, NA, NA","-0.01, -0.011, -0.012, -0.01","0.129, 0.131, 0.13, 0.131",0.506511665364804,0,Y,FALSE,TRUE
https://github.com/RajLabMSSM/Fine_Mapping/blob/master/Data/GWAS/Nalls23andMe_2019/ITPKB/Multi-finemap/ITPKB_ggbio.png,ITPKB,"rs10495249, rs708773, rs708774, rs708775","1:226919119, 1:226920730, 1:226921530, 1:226923264","rs10495249, rs112404182, rs4653767, rs61835630, rs708770, rs708773, rs708774, rs708775, rs76537824",2736,632,39,9,4,"N, N, N, N","N, N, N, N","N, N, N, N","N, N, N, N","N, N, N, N","N, N, N, N","N, N, N, N","N, N, N, N","N, N, N, N","N, N, Y, N, N, N, N, N, N","N, N, N, N, N, N, N, N, N","N, N, N, N, N, N, N, N, N","N, N, N, N, N, N, N, N, N","N, N, N, N, N, N, N, N, N","N, N, N, N, N, N, N, N, N","N, N, N, N, N, N, N, N, N","N, N, N, N, N, N, N, N, N","N, N, N, N, N, N, N, N, N","0.254, 0.149, 0.161, 0.112","1, 1, 1, 1","1, 1, 1, 1","0, 0, 0, 0","0.564, 0.537, 0.54, 0.528","0, 0, 0, 0","0.083, 0.082, -0.082, -0.083","NA, NA, 0.036, NA","-0.109, -0.103, -0.103, -0.105","-0.202, -0.203, -0.203, -0.204","-0.126, -0.141, -0.14, -0.151","-0.024, -0.023, -0.024, -0.026","NA, NA, NA, NA","NA, NA, NA, NA","-0.02, -0.02, NA, -0.02","0.28, 0.28, 0.281, 0.28",0.542256344409899,0,N,FALSE,TRUE
https://github.com/RajLabMSSM/Fine_Mapping/blob/master/Data/GWAS/Nalls23andMe_2019/IP6K2/Multi-finemap/IP6K2_ggbio.png,IP6K2,"rs12493578, rs12497850, rs4858798, rs4858828","3:48730116, 3:48748989, 3:48727112, 3:48724811","rs10865952, rs12493578, rs12497850, rs4858798, rs4858828",1244,634,91,5,4,"N, Y, N, N","N, N, N, N","N, N, N, N","N, N, N, N","N, N, N, N","N, N, N, N","N, N, N, N","N, N, N, N","N, N, N, N","N, N, Y, N, N","Y, N, N, N, N","N, N, N, N, N","N, N, N, N, N","N, N, N, N, N","N, N, N, N, N","N, N, N, N, N","N, N, N, N, N","N, N, N, N, N","0.038, 0.197, 0.046, 0.043","1, 1, 1, 0.986","1, 1, 1, 1","0, 1, 0, 0","0.509, 0.799, 0.511, 0.507","0, 0, 0, 0","-0.061, 0.064, 0.062, 0.061","NA, NA, NA, NA","0.144, 0.139, 0.144, 0.144","0.125, 0.128, 0.126, 0.125","0.087, 0.087, 0.087, 0.087","0.221, 0.215, 0.22, 0.221","0.801, 0.795, 0.8, 0.8","0.61, 0.604, 0.609, 0.609","-0.014, -0.016, -0.015, -0.015","0.352, 0.352, 0.354, 0.352",0.581785568154423,0,N,TRUE,TRUE
https://github.com/RajLabMSSM/Fine_Mapping/blob/master/Data/GWAS/Nalls23andMe_2019/HLA-DRB5/Multi-finemap/HLA-DRB5_ggbio.png,HLA-DRB5,"rs112485576, rs35118762, rs532965, rs601945","6:32578772, 6:32560631, 6:32577973, 6:32573415","rs112485576, rs34039593, rs35118762, rs532965, rs601945, rs617578",3178,653,96,6,4,"Y, N, N, N","N, N, N, N","N, N, N, N","N, N, N, N","N, N, N, N","N, N, N, N","N, N, N, N","N, N, N, N","N, N, N, N","Y, N, N, N, N, N","N, N, N, N, N, N","N, N, N, N, N, N","N, N, N, N, N, N","N, N, N, N, N, N","N, N, N, N, N, N","N, N, N, N, N, N","N, N, N, N, N, N","N, N, N, N, N, N","0, 0, 0, 0","0, 0, 0, 0","0, 0, 0, 0","0, 0, 0, 0","0, 0, 0, 0","0, 0, 0, 0","-0.168, -0.163, 0.164, 0.152","NA, NA, NA, NA","0.1, 0.168, 0.099, 0.096","0.13, 0.22, 0.125, 0.119","0.201, 0.283, 0.199, 0.199","0.056, 0.119, 0.05, 0.059","NA, NA, -0.566, NA","NA, NA, 0.625, NA","NA, NA, NA, NA","0.163, 0.162, 0.159, 0.157",0,0,N,TRUE,TRUE
https://github.com/RajLabMSSM/Fine_Mapping/blob/master/Data/GWAS/Nalls23andMe_2019/CHRNB1/Multi-finemap/CHRNB1_ggbio.png,CHRNB1,"rs11658168, rs12600861, rs55749333, rs67328311","17:7406134, 17:7355621, 17:7371932, 17:7352976","rs11658168, rs12600861, rs139946372, rs2309751, rs55749333, rs6503034, rs67328311, rs9675122",2516,663,3,8,4,"N, Y, N, N","N, Y, Y, Y","Y, Y, Y, Y","Y, Y, Y, Y","N, N, N, N","Y, Y, Y, Y","N, N, N, N","N, N, N, N","Y, Y, Y, Y","N, Y, N, N, N, N, N, N","N, Y, N, Y, Y, Y, Y, N","Y, Y, N, Y, Y, Y, Y, Y","Y, Y, N, Y, Y, Y, Y, Y","N, N, N, N, N, N, N, N","Y, Y, N, Y, Y, Y, Y, Y","N, N, N, N, N, N, N, N","N, N, N, N, N, N, N, N","Y, Y, N, Y, Y, Y, Y, N","0.025, 0.278, 0.034, 0.102","1, 1, 1, 1","1, 1, 1, 1","0, 0, 0, 1","0.506, 0.569, 0.509, 0.776","4, 5, 5, 5","0.051, -0.056, -0.052, 0.054","NA, 0.179, -0.157, 0.152","0.812, 0.828, 0.835, 0.814","0.802, 0.819, 0.825, 0.828","0.352, 0.367, 0.364, 0.36","0.623, 0.654, 0.635, 0.655","-0.575, -0.595, -0.589, -0.597","0.357, 0.314, 0.343, 0.319","-0.206, 0.227, -0.218, 0.226","0.36, 0.352, 0.358, 0.359",0.589943838885952,4.75,Y,TRUE,TRUE
https://github.com/RajLabMSSM/Fine_Mapping/blob/master/Data/GWAS/Nalls23andMe_2019/RETREG3/Multi-finemap/RETREG3_ggbio.png,RETREG3,"rs12938909, rs12951632, rs665268, rs6963","17:40787764, 17:40741013, 17:40722029, 17:40731597","rs117944302, rs12938909, rs12951632, rs144993221, rs650558, rs665268, rs66918837, rs6963",1472,246,16,8,4,"N, Y, N, N","Y, Y, N, N","N, N, N, N","N, N, N, N","N, N, N, N","N, N, N, N","N, N, N, N","N, N, N, N","N, N, N, N","N, N, Y, N, N, N, N, N","N, Y, Y, N, N, N, Y, N","N, N, N, N, N, N, N, N","N, N, N, N, N, N, N, N","N, N, N, N, N, N, N, N","N, N, N, N, N, N, N, N","N, N, N, N, N, N, N, N","N, N, N, N, N, N, N, N","N, N, N, N, N, N, N, N","0.068, 0.1, 0.09, 0.085","1, 1, 1, 1","1, 1, 1, 1","0, 1, 0, 0","0.517, 0.775, 0.522, 0.521","1, 1, 0, 0","0.064, 0.064, 0.064, -0.064","0.095, 0.092, NA, NA","0.059, 0.046, 0.046, 0.046","0.14, 0.146, 0.146, 0.146","-0.038, -0.039, -0.039, -0.039","0.028, 0.022, 0.022, 0.022","-0.393, -0.355, -0.354, -0.354","-0.381, -0.359, -0.359, -0.359","NA, 0.017, 0.017, NA","0.266, 0.265, 0.265, 0.266",0.5839243495776,0.5,N,TRUE,TRUE
https://github.com/RajLabMSSM/Fine_Mapping/blob/master/Data/GWAS/Nalls23andMe_2019/IGSF9B/Multi-finemap/IGSF9B_ggbio.png,IGSF9B,"rs3802920, rs3802921, rs73032046, rs75502327","11:133787001, 11:133786993, 11:133773691, 11:133794530","rs11223625, rs116930496, rs12273396, rs188710963, rs3802920, rs3802921, rs73032046, rs75502327",2788,664,86,8,4,"Y, N, N, N","N, N, N, N","N, N, N, N","N, N, N, N","N, N, N, N","N, N, N, N","N, N, N, N","N, N, N, N","N, N, N, N","N, N, N, N, Y, N, N, N","N, N, N, N, N, N, N, N","N, N, N, N, N, N, N, N","N, N, N, N, N, N, N, N","N, N, N, N, N, N, N, N","N, N, N, N, N, N, N, N","N, N, N, N, N, N, N, N","N, N, N, N, N, N, N, N","N, N, N, N, N, N, N, N","0.442, 0.054, 0.108, 0","1, 1, 1, 1","1, 1, 1, 1","1, 0, 0, 0","0.861, 0.513, 0.527, 0.5","0, 0, 0, 0","0.107, -0.103, -0.103, 0.023","NA, NA, NA, NA","0.099, 0.106, 0.083, 0.468","0.132, 0.111, 0.112, -0.233","-0.265, -0.254, -0.324, -0.16","0.09, 0.084, 0.086, 0.047","NA, NA, NA, NA","NA, NA, NA, NA","NA, NA, NA, NA","0.205, 0.211, 0.208, 0.01",0.600267803218891,0,N,TRUE,TRUE
https://github.com/RajLabMSSM/Fine_Mapping/blob/master/Data/GWAS/Nalls23andMe_2019/SATB1/Multi-finemap/SATB1_ggbio.png,SATB1,"rs73032517, rs73032587, rs73034334, rs73038319","3:18199602, 3:18249906, 3:18274236, 3:18361759","rs116836499, rs55889070, rs73032517, rs73032587, rs73034334, rs73034368, rs73038319, rs73038338",2494,841,31,8,4,"N, N, N, Y","N, N, N, N","N, N, N, N","N, N, N, N","N, N, N, N","N, N, N, N","N, N, N, N","N, N, N, N","N, N, N, N","N, N, N, N, N, N, Y, N","N, N, N, N, N, N, N, N","N, N, N, N, N, N, N, N","N, N, N, N, N, N, N, N","N, N, N, N, N, N, N, N","N, N, N, N, N, N, N, N","N, N, N, N, N, N, N, N","N, N, N, N, N, N, N, N","N, N, N, N, N, N, N, N","0.001, 0.185, 0.031, 0.543","1, 1, 1, 1","1, 1, 1, 1","1, 0, 0, 0","0.75, 0.546, 0.508, 0.636","0, 0, 0, 0","-0.192, 0.166, 0.161, -0.169","NA, NA, NA, NA","0.552, 0.273, 0.328, 0.325","0.147, 0.254, 0.24, 0.246","-0.012, 0.249, 0.201, 0.209","-0.396, -0.204, -0.201, -0.204","NA, NA, NA, NA","NA, NA, NA, NA","NA, NA, NA, NA","0.029, 0.042, 0.041, 0.041",0.610005730405713,0,N,TRUE,TRUE
https://github.com/RajLabMSSM/Fine_Mapping/blob/master/Data/GWAS/Nalls23andMe_2019/C5orf24/Multi-finemap/C5orf24_ggbio.png,C5orf24,"rs11950533, rs12658868, rs145506998, rs3748044","5:134199105, 5:134160995, 5:134084999, 5:134180945","rs112638124, rs11950533, rs11950943, rs12658868, rs145506998, rs2305049, rs34765815, rs3748044, rs79706599",1939,377,27,9,4,"Y, N, N, N","N, N, Y, Y","N, N, N, N","N, N, N, N","N, N, N, N","N, N, N, N","N, N, N, N","N, N, N, N","N, N, N, N","N, Y, N, N, N, N, N, N, N","N, N, N, N, Y, N, N, Y, Y","N, N, N, N, N, N, N, N, N","N, N, N, N, N, N, N, N, N","N, N, N, N, N, N, N, N, N","N, N, N, N, N, N, N, N, N","N, N, N, N, N, N, N, N, N","N, N, N, N, N, N, N, N, N","N, N, N, N, N, N, N, N, N","0.101, 0.031, 0.032, 0.031","1, 1, 1, 1","1, 1, 1, 1","0, 0, 0, 0","0.525, 0.508, 0.508, 0.508","0, 0, 1, 1","-0.092, 0.087, -0.09, -0.087","NA, NA, 0.708, 0.658","NA, NA, NA, NA","NA, NA, NA, NA","NA, NA, NA, NA","NA, NA, NA, NA","0.601, 0.543, NA, 0.553","0.373, 0.334, NA, 0.341","-0.044, -0.04, -0.046, NA","0.102, 0.102, 0.101, 0.104",0.512221169747677,0.5,Y,TRUE,TRUE
https://github.com/RajLabMSSM/Fine_Mapping/blob/master/Data/GWAS/Nalls23andMe_2019/TMEM175/Multi-finemap/TMEM175_ggbio.png,TMEM175,"rs11248060, rs34311866, rs3755958, rs6599389","4:964359, 4:951947, 4:963042, 4:939113","rs11248060, rs34311866, rs3733349, rs3755958, rs4690326, rs6599389, rs74472532, rs77382558, rs77566372",3438,1304,204,9,4,"N, Y, N, N","N, N, Y, N","N, N, N, N","N, N, N, N","N, N, N, N","N, N, N, N","N, N, N, N","N, N, N, N","N, N, N, N","N, Y, N, N, N, N, N, N, N","N, N, Y, Y, N, N, N, N, N","N, N, N, N, N, N, N, N, N","N, N, N, N, N, N, N, N, N","N, N, N, N, N, N, N, N, N","N, N, N, N, N, N, N, N, N","N, N, N, N, N, N, N, N, N","N, N, N, N, N, N, N, N, N","N, N, N, N, N, N, N, N, N","0, 1, 0, 0","1, 1, 1, 1","1, 1, 1, 1","0, 0, 0, 0","0.5, 0.75, 0.5, 0.5","0, 0, 1, 0","0.166, -0.213, 0.166, 0.197","NA, NA, -0.162, NA","-0.334, -0.215, -0.334, 0.011","-0.42, -0.265, -0.42, 0.142","-0.426, -0.278, -0.426, 0.149","-0.409, -0.147, -0.409, 0.264","0.572, 0.501, 0.573, 0.398","0.599, 0.637, 0.6, 0.513","-0.065, -0.054, -0.065, NA","0.122, 0.194, 0.123, 0.079",0.5625,0.25,N,TRUE,TRUE
https://github.com/RajLabMSSM/Fine_Mapping/blob/master/Data/GWAS/Nalls23andMe_2019/NUCKS1/Multi-finemap/NUCKS1_ggbio.png,NUCKS1,"rs3747973, rs4951261, rs78209347, rs823118","1:205677148, 1:205717823, 1:205700748, 1:205723572","rs11240554, rs1417726, rs17347980, rs3747973, rs4951258, rs4951261, rs78209347, rs823114, rs823118, rs951366",2367,743,119,10,4,"N, N, N, Y","Y, N, N, Y","Y, Y, N, Y","N, Y, N, Y","N, Y, N, Y","Y, Y, N, Y","N, N, N, N","N, N, N, N","Y, Y, N, Y","N, N, N, N, N, N, N, N, Y, N","Y, N, Y, Y, Y, N, N, N, Y, N","Y, N, N, Y, Y, Y, N, Y, Y, Y","N, N, N, N, N, Y, N, Y, Y, N","N, N, N, N, Y, Y, N, Y, Y, Y","Y, N, N, Y, Y, Y, N, Y, Y, Y","N, N, N, N, N, N, N, N, N, N","N, N, N, N, N, N, N, N, N, N","Y, N, N, Y, Y, Y, N, Y, Y, Y","0, 0, 0, 0.493","1, 1, 0, 0","1, 0, 1, 1","1, 1, 1, 1","0.75, 0.5, 0.5, 0.623","4, 5, 0, 6","-0.099, 0.084, 0.055, 0.107","0.132, NA, NA, 0.171","0.386, 0.401, 0.701, 0.455","0.36, 0.403, 0.62, 0.437","0.45, 0.489, 0.476, 0.509","0.625, 0.608, 0.398, 0.644","NA, NA, NA, NA","NA, NA, NA, NA","-0.194, 0.163, 0.188, -0.211","0.39, 0.371, 0.026, 0.434",0.593287339571635,3.75,N,TRUE,TRUE
https://github.com/RajLabMSSM/Fine_Mapping/blob/master/Data/GWAS/Nalls23andMe_2019/CLCN3/Multi-finemap/CLCN3_ggbio.png,CLCN3,"rs2047652, rs62333164, rs6828248, rs7434295","4:170610810, 4:170583157, 4:170562784, 4:170563946","rs10866341, rs13136720, rs17055059, rs2047652, rs35439882, rs62333164, rs68110737, rs6828248, rs6839362, rs7434295",2597,853,8,10,4,"N, Y, N, N","N, N, Y, Y","N, N, N, N","N, N, N, N","N, N, N, N","N, N, N, N","N, N, N, N","N, N, N, N","N, N, N, N","N, N, N, N, N, Y, N, N, N, N","N, Y, N, N, N, N, N, Y, Y, Y","N, N, N, N, N, N, N, N, N, N","N, N, N, N, N, N, N, N, N, N","N, N, N, N, N, N, N, N, N, N","N, N, N, N, N, N, N, N, N, N","N, N, N, N, N, N, N, N, N, N","N, N, N, N, N, N, N, N, N, N","N, N, N, N, N, N, N, N, N, N","0, 0.426, 0.243, 0.107","1, 1, 1, 1","1, 1, 1, 0","0, 0, 1, 1","0.5, 0.606, 0.811, 0.527","0, 0, 1, 1","0.006, -0.064, -0.062, 0.063","NA, NA, 0.078, 0.084","NA, -0.201, -0.21, -0.185","NA, -0.309, -0.313, -0.32","NA, -0.1, -0.087, -0.11","NA, -0.206, -0.195, -0.25","NA, NA, NA, NA","NA, NA, NA, NA","-0.003, -0.031, NA, 0.026","0.013, 0.326, 0.34, 0.304",0.611038194804599,0.5,Y,TRUE,TRUE
https://github.com/RajLabMSSM/Fine_Mapping/blob/master/Data/GWAS/Nalls23andMe_2019/MCCC1/Multi-finemap/MCCC1_ggbio.png,MCCC1,"rs10513789, rs10937108, rs34822404, rs9290750","3:182760073, 3:182748495, 3:182746208, 3:182731890","rs10513789, rs10937100, rs10937108, rs12637471, rs2292056, rs34822404, rs78126209, rs9290750, rs9827649, rs9838309",2619,514,177,10,4,"Y, N, N, N","N, N, N, N","N, N, N, N","N, N, N, N","N, N, N, N","N, N, N, N","N, N, N, N","N, N, N, N","N, N, N, N","Y, N, N, N, N, N, N, N, N, N","N, N, N, N, N, N, N, N, N, N","N, N, N, N, N, N, N, N, N, N","N, N, N, N, N, N, N, N, N, N","N, N, N, N, N, N, N, N, N, N","N, N, N, N, N, N, N, N, N, N","N, N, N, N, N, N, N, N, N, N","N, N, N, N, N, N, N, N, N, N","N, N, N, N, N, N, N, N, N, N","0.392, 0.096, 0.117, 0.016","1, 1, 1, 1","1, 1, 1, 1","1, 0, 0, 0","0.848, 0.524, 0.529, 0.504","0, 0, 0, 0","0.148, 0.147, -0.147, -0.148","NA, NA, 0.049, NA","0.008, 0.02, 0.02, 0.002","-0.293, -0.294, -0.294, -0.279","-0.104, -0.104, -0.104, -0.095","-0.214, -0.199, -0.199, -0.211","NA, NA, NA, NA","NA, NA, NA, NA","-0.028, NA, -0.029, -0.029","0.189, 0.189, 0.189, 0.188",0.601364509616437,0,N,TRUE,TRUE
https://github.com/RajLabMSSM/Fine_Mapping/blob/master/Data/GWAS/Nalls23andMe_2019/GCH1/Multi-finemap/GCH1_ggbio.png,GCH1,"rs10150110, rs7159933, rs8018800, rs8019220, rs9805952","14:55462010, 14:55441641, 14:55453306, 14:55453469, 14:55461313","rs10150110, rs1107960, rs66769866, rs7159933, rs76646631, rs8018800, rs8019220, rs8023187, rs9805952",2175,612,140,9,5,"N, N, N, N, N","N, N, N, N, N","N, N, N, N, N","N, N, N, N, N","N, N, N, N, N","N, N, N, N, N","N, N, N, N, N","N, N, N, N, N","N, N, N, N, N","N, N, N, N, N, N, N, N, N","N, N, N, N, N, N, N, N, N","N, N, N, N, N, N, N, N, N","N, N, N, N, N, N, N, N, N","N, N, N, N, N, N, N, N, N","N, N, N, N, N, N, N, N, N","N, N, N, N, N, N, N, N, N","N, N, N, N, N, N, N, N, N","N, N, N, N, N, N, N, N, N","0.024, 0.048, 0.107, 0.061, 0.024","1, 1, 1, 1, 1","1, 1, 1, 1, 1","0, 0, 1, 0, 0","0.506, 0.512, 0.777, 0.515, 0.506","0, 0, 0, 0, 0","-0.083, -0.082, 0.084, -0.083, 0.083","-0.166, NA, NA, -0.168, -0.165","-0.158, -0.164, -0.164, -0.164, -0.158","-0.333, -0.332, -0.332, -0.332, -0.333","-0.333, -0.34, -0.34, -0.34, -0.333","0.124, 0.127, 0.127, 0.127, 0.124","0.504, 0.463, 0.481, 0.481, 0.519","-0.301, -0.293, -0.299, -0.299, -0.295","-0.013, -0.013, -0.013, -0.013, -0.013","0.322, 0.323, 0.321, 0.323, 0.321",0.563218789675786,0,N,FALSE,FALSE
https://github.com/RajLabMSSM/Fine_Mapping/blob/master/Data/GWAS/Nalls23andMe_2019/LRRK2/Multi-finemap/LRRK2_ggbio.png,LRRK2,"rs11564199, rs117295538, rs28370649, rs28370682, rs28370830","12:40429696, 12:40425024, 12:40399149, 12:40423996, 12:40425604","rs10506154, rs11564199, rs117203131, rs117295538, rs12422278, rs1388597, rs140722239, rs28370649, rs28370682, rs28370830",3308,1694,526,10,5,"N, N, N, N, N","N, N, N, N, N","N, N, N, N, N","N, N, N, N, N","N, N, N, N, N","N, N, N, N, N","N, N, N, N, N","N, N, N, N, N","N, N, N, N, N","N, N, N, N, N, N, N, N, N, N","Y, N, Y, N, Y, N, N, N, N, N","N, N, N, N, N, N, N, N, N, N","N, N, N, N, N, N, N, N, N, N","N, N, N, N, N, N, N, N, N, N","N, N, N, N, N, N, N, N, N, N","N, N, N, N, N, N, N, N, N, N","N, N, N, N, N, N, N, N, N, N","N, N, N, N, N, N, N, N, N, N","0.033, 0.019, 0.002, 0.02, 0.021","1, 1, 1, 1, 1","1, 1, 1, 1, 1","0, 0, 0, 0, 0","0.508, 0.505, 0.501, 0.505, 0.505","0, 0, 0, 0, 0","0.36, -0.355, -0.366, 0.355, -0.355","NA, NA, NA, NA, NA","0.36, 0.36, 0.36, 0.36, 0.36","0.438, 0.438, 0.438, 0.438, 0.438","0.603, 0.603, 0.603, 0.603, 0.603","-0.149, -0.149, -0.149, -0.149, -0.149","NA, NA, NA, NA, NA","NA, NA, NA, NA, NA","0.075, NA, 0.086, NA, 0.074","0.027, 0.027, 0.025, 0.027, 0.027",0.50473180055549,0,N,FALSE,FALSE
https://github.com/RajLabMSSM/Fine_Mapping/blob/master/Data/GWAS/Nalls23andMe_2019/KCNS3/Multi-finemap/KCNS3_ggbio.png,KCNS3,"rs113765978, rs74744621, rs76116224, rs76911069, rs79149614","2:18108196, 2:18114658, 2:18147848, 2:18126795, 2:18111465","rs113765978, rs74744621, rs76116224, rs76911069, rs79149614",3466,265,1,5,5,"N, N, Y, N, N","N, N, N, N, N","N, N, N, N, N","N, N, N, N, N","N, N, N, N, N","N, N, N, N, N","N, N, N, N, N","N, N, N, N, N","N, N, N, N, N","N, N, Y, N, N","N, N, N, N, N","N, N, N, N, N","N, N, N, N, N","N, N, N, N, N","N, N, N, N, N","N, N, N, N, N","N, N, N, N, N","N, N, N, N, N","0, 0, 0.988, 0, 0","1, 1, 1, 1, 1","1, 1, 1, 1, 1","0, 1, 1, 0, 0","0.5, 0.75, 0.997, 0.5, 0.5","0, 0, 0, 0, 0","0.076, 0.082, 0.11, -0.071, -0.076","NA, -0.11, NA, NA, NA","-0.096, -0.095, -0.141, -0.102, -0.095","0.111, 0.111, -0.027, 0.106, 0.111","-0.305, -0.305, -0.18, -0.309, -0.305","-0.106, -0.106, -0.017, -0.111, -0.106","NA, NA, NA, NA, NA","NA, NA, NA, NA, NA","NA, NA, NA, NA, NA","0.062, 0.059, 0.096, 0.063, 0.063",0.649407591122057,0,Y,TRUE,TRUE
https://github.com/RajLabMSSM/Fine_Mapping/blob/master/Data/GWAS/Nalls23andMe_2019/INPP5F/Multi-finemap/INPP5F_ggbio.png,INPP5F,"rs117896735, rs118119094, rs148906682, rs2072361, rs3858339","10:121536327, 10:121295884, 10:121260786, 10:121432440, 10:121436068","rs117896735, rs118119094, rs138565632, rs148906682, rs2072361, rs3858339",3114,685,109,6,5,"Y, N, N, N, N","N, N, N, N, N","N, N, N, N, N","N, N, N, N, N","N, N, N, N, N","N, N, N, N, N","N, N, N, N, N","N, N, N, N, N","N, N, N, N, N","Y, N, N, N, N, N","N, N, N, N, N, N","N, N, N, N, N, N","N, N, N, N, N, N","N, N, N, N, N, N","N, N, N, N, N, N","N, N, N, N, N, N","N, N, N, N, N, N","N, N, N, N, N, N","1, 0, 0, 0, 0","1, 1, 1, 1, 1","1, 1, 1, 1, 1","1, 1, 1, 0, 1","1, 0.75, 0.75, 0.5, 0.75","0, 0, 0, 0, 0","0.435, 0.426, -0.397, 0.077, -0.082","NA, NA, NA, 0.065, NA","-0.313, NA, NA, -0.045, -0.049","-0.412, NA, NA, -0.132, -0.126","-0.527, NA, NA, -0.121, -0.116","-0.499, NA, NA, 0.164, 0.16","NA, NA, NA, NA, NA","NA, NA, NA, 0.35, 0.349","NA, NA, NA, NA, NA","0.017, 0.014, 0.014, 0.09, 0.089",0.749999360838021,0,N,TRUE,TRUE
https://github.com/RajLabMSSM/Fine_Mapping/blob/master/Data/GWAS/Nalls23andMe_2019/CRHR1/Multi-finemap/CRHR1_ggbio.png,CRHR1,"rs11654640, rs2158258, rs4510068, rs62053943, rs7225002","17:44162230, 17:44163809, 17:44184828, 17:43744203, 17:44189067","rs11654640, rs2158258, rs28689858, rs4510068, rs62053943, rs66524664, rs7213077, rs7225002",1105,636,122,8,5,"N, N, N, Y, N","N, N, N, N, N","N, N, N, N, N","N, N, N, N, N","N, N, N, N, N","N, N, N, N, N","N, N, N, N, N","N, N, N, N, N","N, N, N, N, N","N, N, N, N, Y, N, N, N","N, N, N, N, N, N, N, N","N, N, N, N, N, N, N, N","N, N, N, N, N, N, N, N","N, N, N, N, N, N, N, N","N, N, N, N, N, N, N, N","N, N, N, N, N, N, N, N","N, N, N, N, N, N, N, N","N, N, N, N, N, N, N, N","0, 0, 0, 1, 0","1, 1, 1, 1, 1","1, 1, 1, 1, 1","1, 0, 0, 0, 1","0.75, 0.5, 0.5, 0.75, 0.75","0, 0, 0, 0, 0","-0.102, 0.102, -0.1, -0.27, 0.135","NA, NA, NA, NA, NA","-0.055, -0.055, 0.074, NA, 0.079","-0.105, -0.105, 0.135, NA, 0.123","-0.103, -0.103, 0.169, NA, 0.203","0.135, 0.135, -0.097, NA, -0.079","NA, NA, NA, NA, NA","NA, NA, NA, NA, NA","0.028, 0.028, 0.044, NA, 0.044","0.463, 0.464, 0.375, 0.155, 0.391",0.65,0,N,TRUE,TRUE
https://github.com/RajLabMSSM/Fine_Mapping/blob/master/Data/GWAS/Nalls23andMe_2019/STK39/Multi-finemap/STK39_ggbio.png,STK39,"rs12987123, rs1474055, rs1955337, rs2102808, rs4613239","2:169120541, 2:169110394, 2:169129145, 2:169117025, 2:169119609","rs114289268, rs12987123, rs13016703, rs1474055, rs1955337, rs2102808, rs2390669, rs4613239, rs72876959, rs908594",2982,814,113,10,5,"N, Y, N, N, N","N, N, N, N, N","Y, Y, Y, Y, Y","N, N, N, N, N","N, N, N, N, N","N, N, N, N, N","N, N, N, N, N","N, N, N, N, N","N, N, N, N, N","N, N, N, Y, N, N, N, N, N, N","N, N, N, N, N, N, N, N, N, N","N, Y, Y, Y, Y, Y, Y, Y, N, N","N, N, N, N, N, N, N, N, N, N","N, N, N, N, N, N, N, N, N, N","N, N, N, N, N, N, N, N, N, N","N, N, N, N, N, N, N, N, N, N","N, N, N, N, N, N, N, N, N, N","N, N, Y, N, N, N, N, N, N, N","0.374, 0.306, 0.089, 0.051, 0.118","1, 1, 1, 1, 1","1, 0, 1, 1, 1","0, 1, 0, 0, 0","0.594, 0.577, 0.522, 0.513, 0.53","1, 1, 1, 1, 1","-0.178, 0.18, 0.177, 0.18, -0.179","0.077, 0.072, NA, 0.071, 0.072","-0.56, -0.561, -0.558, -0.56, -0.56","-0.292, -0.291, -0.272, -0.292, -0.292","-0.269, -0.269, -0.239, -0.269, -0.269","0.097, 0.097, 0.115, 0.097, 0.097","NA, NA, NA, NA, NA","NA, NA, NA, NA, NA","NA, NA, NA, NA, NA","0.131, 0.131, 0.131, 0.129, 0.13",0.546953569337399,1,N,TRUE,TRUE
https://github.com/RajLabMSSM/Fine_Mapping/blob/master/Data/GWAS/Nalls23andMe_2019/FYN/Multi-finemap/FYN_ggbio.png,FYN,"","","rs116522724, rs59856565, rs62414891, rs626007, rs633640, rs671271, rs7749147, rs9400513, rs9487748, rs997368",2561,791,17,10,0,"","","","","","","","","","N, N, N, N, N, N, N, N, N, Y","N, N, N, N, N, N, N, N, N, N","N, N, N, N, N, N, N, N, N, N","N, N, N, N, N, N, N, N, N, N","N, N, N, N, N, N, N, N, N, N","N, N, N, N, N, N, N, N, N, N","N, N, N, N, N, N, N, N, N, N","N, N, N, N, N, N, N, N, N, N","N, N, N, N, N, N, N, N, N, N","","","","","","","","","","","","","","","","",,,Y,FALSE,TRUE
https://github.com/RajLabMSSM/Fine_Mapping/blob/master/Data/GWAS/Nalls23andMe_2019/LOC100131289/Multi-finemap/LOC100131289_ggbio.png,LOC100131289,"","","rs10484401, rs4140646, rs4711163, rs74791963, rs9295746, rs9368529, rs9380010, rs9380011, rs9380012, rs9468203",4071,2110,112,10,0,"","","","","","","","","","N, Y, N, N, N, N, N, N, N, N","N, Y, Y, N, N, Y, N, Y, Y, N","N, N, N, N, N, N, N, N, N, N","N, N, N, N, N, N, N, N, N, N","N, N, N, N, N, N, N, N, N, N","N, N, N, N, N, N, N, N, N, N","N, N, N, N, N, N, N, N, N, N","N, N, N, N, N, N, N, N, N, N","N, N, N, N, N, N, N, N, N, N","","","","","","","","","","","","","","","","",,,N,FALSE,TRUE
https://github.com/RajLabMSSM/Fine_Mapping/blob/master/Data/GWAS/Nalls23andMe_2019/CTSB/Multi-finemap/CTSB_ggbio.png,CTSB,"","","rs117364124, rs1293290, rs1293295, rs1293296, rs1293298, rs1296028, rs1736083, rs1736089, rs2645425, rs2740592, rs78709955",3191,942,81,11,0,"","","","","","","","","","N, N, N, N, Y, N, N, N, N, N, N","N, Y, Y, Y, N, N, Y, Y, Y, N, Y","N, Y, Y, Y, Y, Y, Y, Y, Y, Y, Y","N, Y, Y, Y, Y, Y, Y, Y, Y, Y, Y","N, Y, Y, Y, Y, Y, Y, Y, Y, Y, Y","N, Y, Y, Y, Y, Y, Y, Y, Y, Y, Y","N, N, N, N, N, N, N, N, N, N, N","N, N, N, N, N, N, N, N, N, N, N","N, Y, Y, Y, Y, Y, Y, Y, Y, Y, N","","","","","","","","","","","","","","","","",,,N,FALSE,TRUE
https://github.com/RajLabMSSM/Fine_Mapping/blob/master/Data/GWAS/Nalls23andMe_2019/MIPOL1/Multi-finemap/MIPOL1_ggbio.png,MIPOL1,"","","rs10133391, rs10151200, rs117281576, rs147126278, rs149585186, rs1547008, rs1956439, rs4900966, rs4900969, rs7146299, rs8005136",2259,712,1,11,0,"","","","","","","","","","N, N, N, N, N, N, N, N, N, N, N","N, N, N, N, N, Y, N, N, N, N, N","N, N, N, N, N, N, N, N, N, N, N","N, N, N, N, N, N, N, N, N, N, N","N, N, N, N, N, N, N, N, N, N, N","N, N, N, N, N, N, N, N, N, N, N","N, N, N, N, N, N, N, N, N, N, N","N, N, N, N, N, N, N, N, N, N, N","N, N, N, N, N, N, N, N, N, N, N","","","","","","","","","","","","","","","","",,,Y,FALSE,FALSE
https://github.com/RajLabMSSM/Fine_Mapping/blob/master/Data/GWAS/Nalls23andMe_2019/BRIP1/Multi-finemap/BRIP1_ggbio.png,BRIP1,"","","rs10512492, rs112371996, rs12452742, rs12453644, rs142883670, rs16945759, rs1962289, rs3744434, rs58624595, rs61169879, rs73332598, rs79518898",1881,517,92,12,0,"","","","","","","","","","N, N, N, N, N, N, N, N, N, Y, N, N","N, Y, Y, N, N, N, N, N, Y, Y, Y, N","N, N, N, N, N, N, N, N, N, N, N, N","N, N, N, N, N, N, N, N, N, N, N, N","N, N, N, N, N, N, N, N, N, N, N, N","N, N, N, N, N, N, N, N, N, N, N, N","N, N, N, N, N, N, N, N, N, N, N, N","N, N, N, N, N, N, N, N, N, N, N, N","N, N, N, N, N, N, N, N, N, N, N, N","","","","","","","","","","","","","","","","",,,Y,FALSE,TRUE
https://github.com/RajLabMSSM/Fine_Mapping/blob/master/Data/GWAS/Nalls23andMe_2019/CAB39L/Multi-finemap/CAB39L_ggbio.png,CAB39L,"","","rs1127021, rs117377951, rs17072869, rs6561520, rs7326978, rs7330392, rs77314781, rs7984061, rs7993917, rs9535211, rs9535307, rs9568188",2605,658,6,12,0,"","","","","","","","","","N, N, N, N, N, N, N, N, N, N, N, Y","N, N, N, Y, Y, Y, N, Y, Y, N, Y, N","N, N, N, N, N, N, N, N, N, N, N, N","N, N, N, N, N, N, N, N, N, N, N, N","N, N, N, N, N, N, N, N, N, N, N, N","N, N, N, N, N, N, N, N, N, N, N, N","N, N, N, N, N, N, N, N, N, N, N, N","N, N, N, N, N, N, N, N, N, N, N, N","N, N, N, N, N, N, N, N, N, N, N, N","","","","","","","","","","","","","","","","",,,Y,FALSE,TRUE
https://github.com/RajLabMSSM/Fine_Mapping/blob/master/Data/GWAS/Nalls23andMe_2019/GPNMB/Multi-finemap/GPNMB_ggbio.png,GPNMB,"","","rs10085838, rs146031914, rs1624451, rs1637221, rs199347, rs199351, rs199352, rs858239, rs858273, rs858289, rs858290, rs858307",2641,1000,255,12,0,"","","","","","","","","","N, N, N, N, N, Y, N, N, N, N, N, N","N, N, N, N, N, N, N, N, N, N, N, N","Y, N, Y, Y, Y, Y, N, Y, Y, Y, Y, N","Y, N, Y, Y, Y, Y, N, Y, Y, Y, Y, N","N, N, N, N, N, N, N, N, N, N, N, N","N, N, N, N, N, N, N, N, N, N, N, N","N, N, N, N, N, N, N, N, N, N, N, N","N, N, N, N, N, N, N, N, N, N, N, N","Y, N, N, Y, Y, Y, N, Y, Y, Y, Y, N","","","","","","","","","","","","","","","","",,,N,FALSE,TRUE
https://github.com/RajLabMSSM/Fine_Mapping/blob/master/Data/GWAS/Nalls23andMe_2019/MAP4K4/Multi-finemap/MAP4K4_ggbio.png,MAP4K4,"","","rs11683001, rs13034422, rs34451091, rs35510684, rs35917598, rs4384813, rs6543087, rs6543097, rs6732726, rs6733355, rs71415333, rs7569049, rs7576867",2399,423,67,13,0,"","","","","","","","","","Y, N, N, N, N, N, N, N, N, N, N, N, N","N, N, N, N, N, N, N, N, N, N, N, N, N","N, N, N, N, N, N, N, N, N, N, N, N, N","N, N, N, N, N, N, N, N, N, N, N, N, N","N, N, N, N, N, N, N, N, N, N, N, N, N","N, N, N, N, N, N, N, N, N, N, N, N, N","N, N, N, N, N, N, N, N, N, N, N, N, N","N, N, N, N, N, N, N, N, N, N, N, N, N","N, N, N, N, N, N, N, N, N, N, N, N, N","","","","","","","","","","","","","","","","",,,N,FALSE,TRUE
https://github.com/RajLabMSSM/Fine_Mapping/blob/master/Data/GWAS/Nalls23andMe_2019/BIN3/Multi-finemap/BIN3_ggbio.png,BIN3,"","","rs10099846, rs10105545, rs11136092, rs11781149, rs13251089, rs17088536, rs2280104, rs2291231, rs2291232, rs2291234, rs34027561, rs3736147, rs57594397, rs720746, rs7843828",2833,491,10,15,0,"","","","","","","","","","N, N, N, N, N, N, Y, N, N, N, N, N, N, N, N","N, Y, N, N, N, N, N, Y, N, Y, Y, N, Y, Y, N","N, N, N, N, N, N, N, N, N, N, N, N, N, N, N","N, N, N, N, N, N, N, N, N, N, N, N, N, N, N","N, N, N, N, N, N, N, N, N, N, N, N, N, N, N","N, N, N, N, N, N, N, N, N, N, N, N, N, N, N","N, N, N, N, N, N, N, N, N, N, N, N, N, N, N","N, N, N, N, N, N, N, N, N, N, N, N, N, N, N","N, N, N, N, N, N, N, N, N, N, N, N, N, N, N","","","","","","","","","","","","","","","","",,,N,FALSE,TRUE
